,Joined,Locus tag,Name
0,NZ_L42023.1_139927_140454,HI_RS00685,inorganic diphosphatase
1,NZ_L42023.1_1651826_1653535,HI_RS08140,acetolactate synthase 3 large subunit
2,NZ_L42023.1_1651341_1651814,HI_RS08135,acetolactate synthase small subunit
3,NZ_L42023.1_985888_987411,HI_RS04920,catalase
4,NZ_L42023.1_1303893_1306502,HI_RS06420,"pyruvate dehydrogenase (acetyl-transferring), homodimeric type"
5,NZ_L42023.1_1016973_1018025,HI_RS05080,beta-N-acetylhexosaminidase
6,NZ_L42023.1_1765208_1765870,HI_RS08700,glycosyltransferase family 2 protein
7,NZ_L42023.1_1679509_1680114,HI_RS08270,riboflavin synthase
8,NZ_L42023.1_502560_504089,HI_RS02500,F0F1 ATP synthase subunit alpha
9,NZ_L42023.1_500276_501643,HI_RS02490,F0F1 ATP synthase subunit beta
10,NZ_L42023.1_501666_502532,HI_RS02495,F0F1 ATP synthase subunit gamma
11,NZ_L42023.1_504105_504635,HI_RS02505,F0F1 ATP synthase subunit delta
12,NZ_L42023.1_279451_282267,HI_RS01335,excinuclease ABC subunit UvrA
13,NZ_L42023.1_1761381_1762433,HI_RS08675,molybdenum ABC transporter ATP-binding protein ModC
14,NZ_L42023.1_709113_710555,HI_RS03540,thiol reductant ABC exporter subunit CydC
15,NZ_L42023.1_1224015_1225643,HI_RS06050,cysteine/glutathione ABC transporter ATP-binding protein/permease CydC
16,NZ_L42023.1_1225745_1227499,HI_RS06055,cysteine/glutathione ABC transporter permease/ATP-binding protein CydD
17,NZ_L42023.1_707393_708877,HI_RS03535,ABC transporter ATP-binding protein/permease
18,NZ_L42023.1_106929_107957,HI_RS00520,ABC transporter ATP-binding protein
19,NZ_L42023.1_1423032_1424168,HI_RS06955,spermidine/putrescine ABC transporter ATP-binding protein PotA
20,NZ_L42023.1_142199_143131,HI_RS00695,ferric ABC transporter ATP-binding protein
21,NZ_L42023.1_1763295_1764047,HI_RS08685,molybdate ABC transporter substrate-binding protein
22,NZ_L42023.1_1115671_1117497,HI_RS05535,ABC transporter ATP-binding protein
23,NZ_L42023.1_38459_39988,HI_RS00180,ABC transporter ATP-binding protein/permease
24,NZ_L42023.1_518494_519951,HI_RS02595,ribose ABC transporter ATP-binding protein RbsA
25,NZ_L42023.1_1175124_1176629,HI_RS05815,D-xylose ABC transporter ATP-binding protein
26,NZ_L42023.1_874603_876108,HI_RS04395,galactose/methyl galactoside ABC transporter ATP-binding protein MglA
27,NZ_L42023.1_1249756_1250703,HI_RS06180,ABC transporter ATP-binding protein
28,NZ_L42023.1_61401_62975,HI_RS00305,lipid A ABC transporter ATP-binding protein/permease MsbA
29,NZ_L42023.1_1186402_1187283,HI_RS05865,ABC transporter ATP-binding protein
30,NZ_L42023.1_1250931_1251719,HI_RS06185,dipeptide ABC transporter ATP-binding protein
31,NZ_L42023.1_1552633_1554288,HI_RS07585,ABC transporter ATP-binding protein/permease
32,NZ_L42023.1_1151632_1152420,HI_RS05695,phospholipid ABC transporter ATP-binding protein MlaF
33,NZ_L42023.1_1594832_1595533,HI_RS07865,molybdate ABC transporter substrate-binding protein
34,NZ_L42023.1_1187412_1188353,HI_RS05870,ABC transporter ATP-binding protein
35,NZ_L42023.1_1145232_1145978,HI_RS05650,amino acid ABC transporter ATP-binding protein
36,NZ_L42023.1_769449_770849,HI_RS03845,trk system potassium uptake protein trkH
37,NZ_L42023.1_1247264_1247992,HI_RS06165,arginine ABC transporter ATP-binding protein ArtP
38,NZ_L42023.1_1327912_1329387,HI_RS06515,energy-dependent translational throttle protein EttA
39,NZ_L42023.1_655005_656036,HI_RS03260,methionine ABC transporter ATP-binding protein MetN
40,NZ_L42023.1_176721_178088,HI_RS00870,glutathione-disulfide reductase
41,NZ_L42023.1_480783_481568,HI_RS02400,nucleoside triphosphate pyrophosphohydrolase
42,NZ_L42023.1_1013386_1013838,HI_RS05055,dUTP diphosphatase
43,NZ_L42023.1_454739_455521,HI_RS02255,NAD(+) diphosphatase
44,NZ_L42023.1_77926_78744,HI_RS00360,uncharacterized gene
45,NZ_L42023.1_1446882_1448417,HI_RS07030,Re/Si-specific NAD(P)(+) transhydrogenase subunit alpha
46,NZ_L42023.1_1448434_1449855,HI_RS07035,Re/Si-specific NAD(P)(+) transhydrogenase subunit beta
47,NZ_L42023.1_1612255_1613784,HI_RS07935,signal peptide peptidase SppA
48,NZ_L42023.1_748254_748985,HI_RS03735,5'/3'-nucleotidase SurE
49,NZ_L42023.1_737524_738243,HI_RS03695,"5'-nucleotidase, lipoprotein e(P4) family"
50,NZ_L42023.1_510904_511440,HI_RS02560,uncharacterized gene
51,NZ_L42023.1_375901_376539,HI_RS01850,adenylate kinase
52,NZ_L42023.1_944299_944916,HI_RS04730,dephospho-CoA kinase
53,NZ_L42023.1_563061_564776,HI_RS02780,urease subunit alpha
54,NZ_L42023.1_565172_565471,HI_RS02790,urease subunit gamma
55,NZ_L42023.1_826416_827462,HI_RS04090,multifunctional transcriptional regulator/nicotinamide-nucleotide adenylyltransferase/ribosylnicotinamide kinase NadR
56,NZ_L42023.1_929409_929831,HI_RS04660,nucleoside-diphosphate kinase
57,NZ_L42023.1_1829266_1829889,HI_RS08975,guanylate kinase
58,NZ_L42023.1_1129107_1129817,HI_RS05590,UMP kinase
59,NZ_L42023.1_1021748_1022626,HI_RS05100,bifunctional riboflavin kinase/FAD synthetase
60,NZ_L42023.1_619766_620557,HI_RS03080,Cof-type HAD-IIB family hydrolase
61,NZ_L42023.1_426102_426962,HI_RS02125,pyridoxal kinase
62,NZ_L42023.1_1242034_1243176,HI_RS06130,methionine adenosyltransferase
63,NZ_L42023.1_1172573_1173697,HI_RS05805,uncharacterized gene
64,NZ_L42023.1_220209_221885,HI_RS01090,NAD nucleotidase
65,NZ_L42023.1_578454_579242,HI_RS02875,"3'(2'),5'-bisphosphate nucleotidase CysQ"
66,NZ_L42023.1_1299860_1300399,HI_RS06405,adenine phosphoribosyltransferase
67,NZ_L42023.1_1221033_1221557,HI_RS06025,hypoxanthine phosphoribosyltransferase
68,NZ_L42023.1_1283822_1284508,HI_RS06335,5'-methylthioadenosine/adenosylhomocysteine nucleosidase
69,NZ_L42023.1_1822384_1823511,HI_RS08950,FMN-dependent L-lactate dehydrogenase LldD
70,NZ_L42023.1_1231852_1234932,HI_RS06085,FAD-binding oxidoreductase
71,NZ_L42023.1_61401_63134,HI_RS00305,lipid A ABC transporter ATP-binding protein/permease MsbA
72,NZ_L42023.1_1640244_1641662,HI_RS08085,pyruvate kinase
73,NZ_L42023.1_1300598_1301971,HI_RS06410,dihydrolipoyl dehydrogenase
74,NZ_L42023.1_1728174_1729400,HI_RS08530,2-oxoglutarate dehydrogenase complex dihydrolipoyllysine-residue succinyltransferase
75,NZ_L42023.1_192214_194493,HI_RS00955,formate C-acetyltransferase
76,NZ_L42023.1_1318084_1319259,HI_RS06475,NADP-dependent malic enzyme
77,NZ_L42023.1_1044988_1046061,HI_RS05225,3-isopropylmalate dehydrogenase
78,NZ_L42023.1_1318045_1319253,HI_RS06475,NADP-dependent malic enzyme
79,NZ_L42023.1_1318033_1319253,HI_RS06475,NADP-dependent malic enzyme
80,NZ_L42023.1_322509_323864,HI_RS01555,L-serine ammonia-lyase
81,NZ_L42023.1_794586_796094,HI_RS03950,"threonine ammonia-lyase, biosynthetic"
82,NZ_L42023.1_1268734_1270866,HI_RS06270,phosphate acetyltransferase
83,NZ_L42023.1_833493_834671,HI_RS04130,acetyl-CoA C-acetyltransferase
84,NZ_L42023.1_956115_957212,HI_RS04780,glutamate 5-kinase
85,NZ_L42023.1_203351_204637,HI_RS01005,NADP-specific glutamate dehydrogenase
86,NZ_L42023.1_203291_204634,HI_RS01005,NADP-specific glutamate dehydrogenase
87,NZ_L42023.1_1802365_1803093,HI_RS08865,5-oxoprolinase subunit PxpA
88,NZ_L42023.1_1804033_1804638,HI_RS08875,5-oxoprolinase subunit PxpB
89,NZ_L42023.1_916644_918035,HI_RS04610,glutamate--ammonia ligase
90,NZ_L42023.1_495362_495940,HI_RS02460,imidazole glycerol phosphate synthase subunit HisH
91,NZ_L42023.1_1713466_1714035,HI_RS08465,pyridoxal 5'-phosphate synthase glutaminase subunit PdxT
92,NZ_L42023.1_803402_804295,HI_RS03985,L-asparaginase 2
93,NZ_L42023.1_319804_321015,HI_RS01545,pyridoxal phosphate-dependent aminotransferase
94,NZ_L42023.1_860837_862207,HI_RS04335,argininosuccinate lyase
95,NZ_L42023.1_1823726_1824532,HI_RS08955,glutamate racemase
96,NZ_L42023.1_316672_318360,HI_RS01530,2-succinyl-5-enolpyruvyl-6-hydroxy-3-cyclohexene-1-carboxylic-acid synthase
97,NZ_L42023.1_92154_93425,HI_RS00460,threonine synthase
98,NZ_L42023.1_1152874_1153494,HI_RS05700,superoxide dismutase [Mn]
99,NZ_L42023.1_913822_914448,HI_RS04600,pyridoxamine 5'-phosphate oxidase
100,NZ_L42023.1_862345_863229,HI_RS04340,UTP--glucose-1-phosphate uridylyltransferase GalU
101,NZ_L42023.1_378046_379059,HI_RS01860,UDP-glucose 4-epimerase GalE
102,NZ_L42023.1_1177909_1179222,HI_RS05825,xylose isomerase
103,NZ_L42023.1_1229542_1230510,HI_RS06070,ferrochelatase
104,NZ_L42023.1_1270937_1272139,HI_RS06275,acetate kinase
105,NZ_L42023.1_1826649_1828691,HI_RS08965,"bifunctional GTP diphosphokinase/guanosine-3',5'-bis pyrophosphate 3'-pyrophosphohydrolase"
106,NZ_L42023.1_361233_363461,HI_RS01775,GTP pyrophosphokinase
107,NZ_L42023.1_858022_859635,HI_RS04325,phosphoenolpyruvate carboxykinase (ATP)
108,NZ_L42023.1_1276582_1277439,HI_RS06305,malate dehydrogenase
109,NZ_L42023.1_1698805_1701441,HI_RS08405,phosphoenolpyruvate carboxylase
110,NZ_L42023.1_24270_25772,HI_RS00110,citrate lyase subunit alpha
111,NZ_L42023.1_25787_26656,HI_RS00115,citrate (pro-3S)-lyase subunit beta
112,NZ_L42023.1_1684756_1685943,HI_RS08290,aspartate/tyrosine/aromatic aminotransferase
113,NZ_L42023.1_883947_885602,HI_RS04455,fumarate reductase (quinol) flavoprotein subunit
114,NZ_L42023.1_399177_400388,HI_RS01980,IscS subfamily cysteine desulfurase
115,NZ_L42023.1_1643247_1644287,HI_RS08095,alanine racemase
116,NZ_L42023.1_1263290_1264156,HI_RS06240,succinate--CoA ligase subunit alpha
117,NZ_L42023.1_1262121_1263284,HI_RS06235,ADP-forming succinate--CoA ligase subunit beta
118,NZ_L42023.1_683043_684410,HI_RS03415,bifunctional UDP-N-acetylglucosamine diphosphorylase/glucosamine-1-phosphate N-acetyltransferase GlmU
119,NZ_L42023.1_1533978_1534628,HI_RS07480,GTP cyclohydrolase I FolE
120,NZ_L42023.1_226608_227252,HI_RS01115,GTP cyclohydrolase II
121,NZ_L42023.1_778810_780054,HI_RS03890,diaminopimelate decarboxylase
122,NZ_L42023.1_612627_614786,HI_RS03045,ornithine decarboxylase SpeF
123,NZ_L42023.1_48337_48972,HI_RS00240,bifunctional 4-hydroxy-2-oxoglutarate aldolase/2-dehydro-3-deoxy-phosphogluconate aldolase
124,NZ_L42023.1_94428_96872,HI_RS00470,bifunctional aspartate kinase/homoserine dehydrogenase I
125,NZ_L42023.1_582978_583967,HI_RS02900,aspartate--ammonia ligase
126,NZ_L42023.1_558448_559845,HI_RS02755,aspartate ammonia-lyase
127,NZ_L42023.1_1494535_1495926,HI_RS07225,class II fumarate hydratase
128,NZ_L42023.1_871148_872194,HI_RS04380,galactose-1-phosphate uridylyltransferase
129,NZ_L42023.1_1284591_1287329,HI_RS06340,TonB-dependent receptor
130,NZ_L42023.1_1657075_1658358,HI_RS08165,3-phosphoshikimate 1-carboxyvinyltransferase
131,NZ_L42023.1_146616_147218,HI_RS00710,uridine kinase
132,NZ_L42023.1_198644_199477,HI_RS00975,S-formylglutathione hydrolase
133,NZ_L42023.1_84592_85968,HI_RS00395,cysteine--tRNA ligase
134,NZ_L42023.1_147251_147829,HI_RS00715,dCTP deaminase
135,NZ_L42023.1_1142571_1144205,HI_RS05640,CTP synthase (glutamine hydrolyzing)
136,NZ_L42023.1_1098172_1099113,HI_RS05445,phosphoserine phosphatase
137,NZ_L42023.1_1340643_1341656,HI_RS06560,homoserine O-acetyltransferase
138,NZ_L42023.1_1384190_1385161,HI_RS06755,thiamine-phosphate kinase
139,NZ_L42023.1_1729509_1732304,HI_RS08535,2-oxoglutarate dehydrogenase E1 component
140,NZ_L42023.1_90196_91275,HI_RS00435,methionine biosynthesis PLP-dependent protein
141,NZ_L42023.1_989927_991234,HI_RS04940,phosphopyruvate hydratase
142,NZ_L42023.1_1147780_1149036,HI_RS05665,UDP-N-acetylglucosamine 1-carboxyvinyltransferase
143,NZ_L42023.1_1520404_1521192,HI_RS07390,tryptophan synthase subunit alpha
144,NZ_L42023.1_1519211_1520401,HI_RS07385,tryptophan synthase subunit beta
145,NZ_L42023.1_1006633_1008165,HI_RS05015,aspartate aminotransferase family protein
146,NZ_L42023.1_1214369_1215523,HI_RS05985,prephenate dehydratase
147,NZ_L42023.1_89200_90177,HI_RS00430,2-hydroxyacid dehydrogenase
148,NZ_L42023.1_1626929_1627855,HI_RS08010,2-hydroxyacid dehydrogenase
149,NZ_L42023.1_427038_427982,HI_RS02130,acetyl-CoA carboxylase carboxyl transferase subunit alpha
150,NZ_L42023.1_1028779_1030122,HI_RS05140,acetyl-CoA carboxylase biotin carboxylase subunit
151,NZ_L42023.1_1337267_1338151,HI_RS06545,"acetyl-CoA carboxylase, carboxyltransferase subunit beta"
152,NZ_L42023.1_199477_200610,HI_RS00980,S-(hydroxymethyl)glutathione dehydrogenase
153,NZ_L42023.1_1039218_1040177,HI_RS05200,6-phosphofructokinase
154,NZ_L42023.1_195915_196826,HI_RS00965,N-acetylglucosamine kinase
155,NZ_L42023.1_1710527_1711501,HI_RS08450,class 1 fructose-bisphosphatase
156,NZ_L42023.1_712525_713481,HI_RS03560,class II fructose-bisphosphatase
157,NZ_L42023.1_156761_157537,HI_RS00770,glucosamine-6-phosphate deaminase
158,NZ_L42023.1_451757_453586,HI_RS02240,glutamine--fructose-6-phosphate transaminase (isomerizing)
159,NZ_L42023.1_1644405_1646051,HI_RS08100,glucose-6-phosphate isomerase
160,NZ_L42023.1_1803110_1804015,HI_RS08870,5-oxoprolinase/urea amidolyase family protein
161,NZ_L42023.1_137341_138501,HI_RS00660,cystathionine beta-lyase
162,NZ_L42023.1_90205_91281,HI_RS00435,methionine biosynthesis PLP-dependent protein
163,NZ_L42023.1_1172543_1173667,HI_RS05805,uncharacterized gene
164,NZ_L42023.1_1139206_1140339,HI_RS05630,cytochrome d ubiquinol oxidase subunit II
165,NZ_L42023.1_576921_578363,HI_RS02870,glucose-6-phosphate dehydrogenase
166,NZ_L42023.1_635766_636770,HI_RS03165,NAD(P)H-dependent glycerol-3-phosphate dehydrogenase
167,NZ_L42023.1_735085_736599,HI_RS03680,glycerol kinase GlpK
168,NZ_L42023.1_1165732_1166664,HI_RS05775,cysteine synthase A
169,NZ_L42023.1_717269_718720,HI_RS03600,aminoacyl-histidine dipeptidase
170,NZ_L42023.1_1776575_1778041,HI_RS08745,leucyl aminopeptidase
171,NZ_L42023.1_609247_610458,HI_RS03025,Zn-dependent hydrolase
172,NZ_L42023.1_833493_834668,HI_RS04130,acetyl-CoA C-acetyltransferase
173,NZ_L42023.1_955535_956014,HI_RS04775,type 3 dihydrofolate reductase
174,NZ_L42023.1_1338168_1339460,HI_RS06550,bifunctional tetrahydrofolate synthase/dihydrofolate synthase
175,NZ_L42023.1_1656239_1657072,HI_RS08160,formyltetrahydrofolate deformylase
176,NZ_L42023.1_942963_944225,HI_RS04725,serine hydroxymethyltransferase
177,NZ_L42023.1_1441088_1442371,HI_RS07015,glucose-1-phosphate adenylyltransferase
178,NZ_L42023.1_800004_801401,HI_RS03960,phospho-sugar mutase
179,NZ_L42023.1_1293871_1294560,HI_RS06375,orotidine-5'-phosphate decarboxylase
180,NZ_L42023.1_1297032_1297655,HI_RS06395,uracil phosphoribosyltransferase
181,NZ_L42023.1_1482579_1484057,HI_RS07165,anthranilate synthase component I
182,NZ_L42023.1_1484097_1484675,HI_RS07170,aminodeoxychorismate/anthranilate synthase component II
183,NZ_L42023.1_720269_721006,HI_RS03615,triose-phosphate isomerase
184,NZ_L42023.1_1608765_1609577,HI_RS07915,phosphotransferase family protein
185,NZ_L42023.1_732982_734025,HI_RS03670,glycerophosphodiester phosphodiesterase
186,NZ_L42023.1_1674929_1675873,HI_RS08250,ribose-phosphate pyrophosphokinase
187,NZ_L42023.1_521937_522842,HI_RS02610,ribokinase
188,NZ_L42023.1_486503_487150,HI_RS02420,ribose-5-phosphate isomerase RpiA
189,NZ_L42023.1_8_994,HI_RS00005,type I glyceraldehyde-3-phosphate dehydrogenase
190,NZ_L42023.1_2_1018,HI_RS00005,type I glyceraldehyde-3-phosphate dehydrogenase
191,NZ_L42023.1_1182410_1183000,HI_RS05845,deoxyribose-phosphate aldolase
192,NZ_L42023.1_1087301_1089244,HI_RS05395,transketolase
193,NZ_L42023.1_547189_548259,HI_RS02705,class II fructose-bisphosphate aldolase
194,NZ_L42023.1_490631_491536,HI_RS02440,ATP phosphoribosyltransferase
195,NZ_L42023.1_1273386_1274897,HI_RS06290,amidophosphoribosyltransferase
196,NZ_L42023.1_1484097_1484663,HI_RS07170,aminodeoxychorismate/anthranilate synthase component II
197,NZ_L42023.1_1485166_1486164,HI_RS07180,anthranilate phosphoribosyltransferase
198,NZ_L42023.1_247913_248818,HI_RS01190,bifunctional biotin--[acetyl-CoA-carboxylase] synthetase/biotin operon repressor
199,NZ_L42023.1_395415_397004,HI_RS01955,Fe-S protein assembly chaperone HscA
200,NZ_L42023.1_1309153_1310922,HI_RS06435,molecular chaperone DnaK
201,NZ_L42023.1_680324_681691,HI_RS03400,adenylosuccinate lyase
202,NZ_L42023.1_1258606_1259634,HI_RS06220,branched-chain-amino-acid transaminase
203,NZ_L42023.1_869929_871068,HI_RS04375,galactokinase
204,NZ_L42023.1_1356002_1356664,HI_RS06625,acylneuraminate cytidylyltransferase
205,NZ_L42023.1_939865_941451,HI_RS04715,bifunctional phosphoribosylaminoimidazolecarboxamide formyltransferase/IMP cyclohydrolase
206,NZ_L42023.1_248957_250402,HI_RS01195,IMP dehydrogenase
207,NZ_L42023.1_1695071_1696363,HI_RS08390,adenylosuccinate synthase
208,NZ_L42023.1_1208957_1209871,HI_RS05960,D-alanine--D-alanine ligase
209,NZ_L42023.1_1008978_1010258,HI_RS05030,diaminobutyrate--2-oxoglutarate transaminase
210,NZ_L42023.1_491635_492915,HI_RS02445,histidinol dehydrogenase
211,NZ_L42023.1_410264_411949,HI_RS02050,long-chain-fatty-acid--CoA ligase FadD
212,NZ_L42023.1_836711_837361,HI_RS04145,acetate CoA-transferase subunit alpha
213,NZ_L42023.1_836038_836697,HI_RS04140,CoA transferase subunit B
214,NZ_L42023.1_996263_997057,HI_RS04965,inositol-1-monophosphatase
215,NZ_L42023.1_792641_794476,HI_RS03945,dihydroxy-acid dehydratase
216,NZ_L42023.1_1043355_1044878,HI_RS05220,2-isopropylmalate synthase
217,NZ_L42023.1_640087_640923,HI_RS03185,bifunctional methylenetetrahydrofolate dehydrogenase/methenyltetrahydrofolate cyclohydrolase FolD
218,NZ_L42023.1_1531853_1532722,HI_RS07465,methylenetetrahydrofolate reductase
219,NZ_L42023.1_736674_737138,HI_RS03685,xanthine phosphoribosyltransferase
220,NZ_L42023.1_716694_717158,HI_RS03595,xanthine phosphoribosyltransferase
221,NZ_L42023.1_251131_252693,HI_RS01210,glutamine-hydrolyzing GMP synthase
222,NZ_L42023.1_340637_341449,HI_RS01650,pyrroline-5-carboxylate reductase
223,NZ_L42023.1_1623286_1624395,HI_RS07995,8-amino-7-oxononanoate synthase
224,NZ_L42023.1_509452_509952,HI_RS02550,S-ribosylhomocysteine lyase
225,NZ_L42023.1_584038_584709,HI_RS02905,phosphoglycolate phosphatase
226,NZ_L42023.1_1626923_1627852,HI_RS08010,2-hydroxyacid dehydrogenase
227,NZ_L42023.1_618351_619352,HI_RS03075,ornithine carbamoyltransferase
228,NZ_L42023.1_188146_188865,HI_RS00930,peptidoglycan editing factor PgeF
229,NZ_L42023.1_1087265_1089265,HI_RS05395,transketolase
230,NZ_L42023.1_548385_549536,HI_RS02710,phosphoglycerate kinase
231,NZ_L42023.1_487192_488421,HI_RS02425,phosphoglycerate dehydrogenase
232,NZ_L42023.1_97952_99085,HI_RS00480,glycerate kinase
233,NZ_L42023.1_821447_822130,HI_RS04050,"2,3-diphosphoglycerate-dependent phosphoglycerate mutase"
234,NZ_L42023.1_573348_574748,HI_RS02850,decarboxylating NADP(+)-dependent phosphogluconate dehydrogenase
235,NZ_L42023.1_584761_585429,HI_RS02910,ribulose-phosphate 3-epimerase
236,NZ_L42023.1_1746989_1747894,HI_RS08610,KpsF/GutQ family sugar isomerase
237,NZ_L42023.1_924224_925618,HI_RS04640,undecaprenyl-phosphate galactose phosphotransferase WbaP
238,NZ_L42023.1_49890_50789,HI_RS00250,sugar kinase
239,NZ_L42023.1_1518436_1519188,HI_RS07380,SDR family oxidoreductase
240,NZ_L42023.1_48994_49836,HI_RS00245,SDR family oxidoreductase
241,NZ_L42023.1_552211_552774,HI_RS02730,thymidine kinase
242,NZ_L42023.1_645382_647118,HI_RS03220,L-fucose isomerase
243,NZ_L42023.1_868885_869904,HI_RS04370,galactose-1-epimerase
244,NZ_L42023.1_1179291_1180745,HI_RS05830,xylulokinase
245,NZ_L42023.1_1526442_1527317,HI_RS07435,"(2E,6E)-farnesyl diphosphate synthase"
246,NZ_L42023.1_1012271_1013314,HI_RS05050,bifunctional phosphopantothenoylcysteine decarboxylase/phosphopantothenate--cysteine ligase CoaBC
247,NZ_L42023.1_212017_213087,HI_RS01040,chorismate synthase
248,NZ_L42023.1_1371074_1372183,HI_RS06685,bifunctional chorismate mutase/prephenate dehydrogenase
249,NZ_L42023.1_1240349_1241299,HI_RS06120,aminodeoxychorismate synthase component I
250,NZ_L42023.1_1241344_1241913,HI_RS06125,anthranilate synthase component II
251,NZ_L42023.1_318379_319653,HI_RS01535,isochorismate synthase MenF
252,NZ_L42023.1_1350126_1350827,HI_RS06600,hydroxyacylglutathione hydrolase
253,NZ_L42023.1_93480_94403,HI_RS00465,homoserine kinase
254,NZ_L42023.1_1340589_1341653,HI_RS06560,homoserine O-acetyltransferase
255,NZ_L42023.1_157865_158704,HI_RS00775,N-acetylneuraminate lyase
256,NZ_L42023.1_799869_801404,HI_RS03960,phospho-sugar mutase
257,NZ_L42023.1_1617882_1618919,HI_RS07965,3-deoxy-7-phosphoheptulonate synthase AroG
258,NZ_L42023.1_1192230_1193180,HI_RS05890,transaldolase
259,NZ_L42023.1_712501_713490,HI_RS03560,class II fructose-bisphosphatase
260,NZ_L42023.1_305756_306394,HI_RS01455,orotate phosphoribosyltransferase
261,NZ_L42023.1_313495_314250,HI_RS01515,uridine phosphorylase
262,NZ_L42023.1_1427001_1427846,HI_RS06970,cytidine deaminase
263,NZ_L42023.1_1091681_1093135,HI_RS05415,carbohydrate kinase
264,NZ_L42023.1_171422_172135,HI_RS00840,3-oxoacyl-ACP reductase FabG
265,NZ_L42023.1_987661_988827,HI_RS04925,glutathionylspermidine synthase family protein
266,NZ_L42023.1_721140_721454,HI_RS03620,thiosulfate sulfurtransferase GlpE
267,NZ_L42023.1_1799720_1801051,HI_RS08855,argininosuccinate synthase
268,NZ_L42023.1_1526439_1527260,HI_RS07435,"(2E,6E)-farnesyl diphosphate synthase"
269,NZ_L42023.1_576112_576723,HI_RS02865,uncharacterized gene
270,NZ_L42023.1_155310_156452,HI_RS00760,N-acetylglucosamine-6-phosphate deacetylase
271,NZ_L42023.1_1546679_1547995,HI_RS07565,phosphoglucosamine mutase
272,NZ_L42023.1_1413615_1414931,HI_RS06905,phosphoglucosamine mutase
273,NZ_L42023.1_469946_470869,HI_RS02335,1-phosphofructokinase
274,NZ_L42023.1_833496_834671,HI_RS04130,acetyl-CoA C-acetyltransferase
275,NZ_L42023.1_1546673_1548004,HI_RS07565,phosphoglucosamine mutase
276,NZ_L42023.1_1413606_1414937,HI_RS06905,phosphoglucosamine mutase
277,NZ_L42023.1_160528_161208,HI_RS00790,N-acetylmannosamine-6-phosphate 2-epimerase
278,NZ_L42023.1_477353_477970,HI_RS02380,dTMP kinase
279,NZ_L42023.1_959511_960359,HI_RS04800,thymidylate synthase
280,NZ_L42023.1_647378_648124,HI_RS03225,DeoR/GlpR transcriptional regulator
281,NZ_L42023.1_1076579_1077208,HI_RS05340,aldolase
282,NZ_L42023.1_642785_643411,HI_RS03205,L-fuculose-phosphate aldolase
283,NZ_L42023.1_1008984_1010267,HI_RS05030,diaminobutyrate--2-oxoglutarate transaminase
284,NZ_L42023.1_690230_691342,HI_RS03455,aspartate-semialdehyde dehydrogenase
285,NZ_L42023.1_285584_286459,HI_RS01365,4-hydroxy-tetrahydrodipicolinate synthase
286,NZ_L42023.1_906285_906845,HI_RS04575,5-formyltetrahydrofolate cyclo-ligase
287,NZ_L42023.1_1519226_1520386,HI_RS07385,tryptophan synthase subunit beta
288,NZ_L42023.1_697412_698143,HI_RS03490,glycosyltransferase family 2 protein
289,NZ_L42023.1_222200_222712,HI_RS01095,shikimate kinase AroK
290,NZ_L42023.1_698721_699536,HI_RS03500,shikimate dehydrogenase
291,NZ_L42023.1_609265_610464,HI_RS03025,Zn-dependent hydrolase
292,NZ_L42023.1_1335676_1337046,HI_RS06540,DegQ family serine endoprotease
293,NZ_L42023.1_1004486_1005499,HI_RS05005,outer membrane-stress sensor serine endopeptidase DegS
294,NZ_L42023.1_723919_725394,HI_RS03635,ketol-acid reductoisomerase
295,NZ_L42023.1_1220_3004,HI_RS00010,long-chain fatty acid--CoA ligase
296,NZ_L42023.1_90196_91299,HI_RS00435,methionine biosynthesis PLP-dependent protein
297,NZ_L42023.1_351842_352246,HI_RS01720,lactoylglutathione lyase
298,NZ_L42023.1_1096045_1097040,HI_RS05435,3-dehydro-L-gulonate 2-dehydrogenase
299,NZ_L42023.1_159607_160473,HI_RS00785,N-acetylmannosamine kinase
300,NZ_L42023.1_108691_109818,HI_RS00530,succinyl-diaminopimelate desuccinylase
301,NZ_L42023.1_810848_811669,HI_RS04010,diaminopimelate epimerase
302,NZ_L42023.1_689234_690172,HI_RS03450,alpha/beta hydrolase
303,NZ_L42023.1_925680_926681,HI_RS04645,"dTDP-glucose 4,6-dehydratase"
304,NZ_L42023.1_1203734_1205035,HI_RS05940,UDP-N-acetylmuramoyl-L-alanine--D-glutamate ligase
305,NZ_L42023.1_1199682_1201142,HI_RS05925,"UDP-N-acetylmuramoyl-L-alanyl-D-glutamate--2,6-diaminopimelate ligase"
306,NZ_L42023.1_670127_671047,HI_RS03335,type I pantothenate kinase
307,NZ_L42023.1_494205_495287,HI_RS02455,bifunctional histidinol-phosphatase/imidazoleglycerol-phosphate dehydratase HisB
308,NZ_L42023.1_695593_696060,HI_RS03480,pantetheine-phosphate adenylyltransferase
309,NZ_L42023.1_1548045_1548869,HI_RS07570,dihydropteroate synthase
310,NZ_L42023.1_1412741_1413565,HI_RS06900,dihydropteroate synthase
311,NZ_L42023.1_222771_223832,HI_RS01100,3-dehydroquinate synthase
312,NZ_L42023.1_1027535_1027981,HI_RS05130,type II 3-dehydroquinate dehydratase
313,NZ_L42023.1_1532817_1533542,HI_RS07470,dethiobiotin synthase
314,NZ_L42023.1_1621301_1621825,HI_RS07980,uncharacterized gene
315,NZ_L42023.1_301846_302844,HI_RS01435,UDP-N-acetylmuramate dehydrogenase
316,NZ_L42023.1_1207476_1208870,HI_RS05955,UDP-N-acetylmuramate--L-alanine ligase
317,NZ_L42023.1_439370_440047,HI_RS02185,thiamine phosphate synthase
318,NZ_L42023.1_1624425_1625684,HI_RS08000,adenosylmethionine--8-amino-7-oxononanoate transaminase
319,NZ_L42023.1_643909_645330,HI_RS03215,L-fuculokinase
320,NZ_L42023.1_493038_494075,HI_RS02450,histidinol-phosphate transaminase
321,NZ_L42023.1_1236922_1237977,HI_RS06100,histidinol-phosphate transaminase
322,NZ_L42023.1_1090810_1091649,HI_RS05410,L-ribulose-5-phosphate 3-epimerase
323,NZ_L42023.1_1627918_1628766,HI_RS08015,3-deoxy-8-phosphooctulonate synthase
324,NZ_L42023.1_1012142_1013311,HI_RS05050,bifunctional phosphopantothenoylcysteine decarboxylase/phosphopantothenate--cysteine ligase CoaBC
325,NZ_L42023.1_1312368_1313606,HI_RS06445,glutamate-5-semialdehyde dehydrogenase
326,NZ_L42023.1_1747913_1748452,HI_RS08615,HAD family hydrolase
327,NZ_L42023.1_59495_60250,HI_RS00295,3-deoxy-manno-octulosonate cytidylyltransferase
328,NZ_L42023.1_899699_901285,HI_RS04545,ABC transporter substrate-binding protein
329,NZ_L42023.1_1703068_1704636,HI_RS08415,ABC transporter substrate-binding protein
330,NZ_L42023.1_1612192_1613586,HI_RS07935,signal peptide peptidase SppA
331,NZ_L42023.1_1003367_1004467,HI_RS05000,bifunctional diaminohydroxyphosphoribosylaminopyrimidine deaminase/5-amino-6-(5-phosphoribosylamino)uracil reductase RibD
332,NZ_L42023.1_438625_439353,HI_RS02180,bifunctional hydroxymethylpyrimidine kinase/phosphomethylpyrimidine kinase
333,NZ_L42023.1_67873_68352,HI_RS00325,2-amino-4-hydroxy-6-hydroxymethyldihydropteridine diphosphokinase
334,NZ_L42023.1_299050_299403,HI_RS01420,dihydroneopterin aldolase
335,NZ_L42023.1_1486246_1487631,HI_RS07185,bifunctional indole-3-glycerol-phosphate synthase TrpC/phosphoribosylanthranilate isomerase TrpF
336,NZ_L42023.1_215884_216915,HI_RS01060,"selenide, water dikinase SelD"
337,NZ_L42023.1_1046237_1047637,HI_RS05230,3-isopropylmalate dehydratase large subunit
338,NZ_L42023.1_1047673_1048269,HI_RS05235,3-isopropylmalate dehydratase small subunit
339,NZ_L42023.1_1046246_1047640,HI_RS05230,3-isopropylmalate dehydratase large subunit
340,NZ_L42023.1_207290_208630,HI_RS01030,o-succinylbenzoate--CoA ligase
341,NZ_L42023.1_1026497_1027438,HI_RS05125,o-succinylbenzoate synthase
342,NZ_L42023.1_497510_498127,HI_RS02475,bifunctional phosphoribosyl-AMP cyclohydrolase/phosphoribosyl-ATP diphosphatase HisIE
343,NZ_L42023.1_334230_334760,HI_RS01615,"1,6-anhydro-N-acetylmuramyl-L-alanine amidase AmpD"
344,NZ_L42023.1_941550_942836,HI_RS04720,phosphoribosylamine--glycine ligase
345,NZ_L42023.1_1025562_1026416,HI_RS05120,"1,4-dihydroxy-2-naphthoyl-CoA synthase"
346,NZ_L42023.1_1238113_1239189,HI_RS06105,3-phosphoserine/phosphohydroxythreonine transaminase
347,NZ_L42023.1_1386310_1387119,HI_RS06770,4-hydroxy-tetrahydrodipicolinate reductase
348,NZ_L42023.1_1517225_1518253,HI_RS07375,phosphoribosylformylglycinamidine cyclo-ligase
349,NZ_L42023.1_1516538_1517161,HI_RS07370,phosphoribosylglycinamide formyltransferase
350,NZ_L42023.1_1696432_1697253,HI_RS08395,"2,3,4,5-tetrahydropyridine-2,6-dicarboxylate N-succinyltransferase"
351,NZ_L42023.1_1771838_1774096,HI_RS08730,5-methyltetrahydropteroyltriglutamate--homocysteine S-methyltransferase
352,NZ_L42023.1_437766_438548,HI_RS02175,hydroxyethylthiazole kinase
353,NZ_L42023.1_1383211_1383672,HI_RS06745,"6,7-dimethyl-8-ribityllumazine synthase"
354,NZ_L42023.1_813036_816926,HI_RS04025,phosphoribosylformylglycinamidine synthase
355,NZ_L42023.1_789055_789765,HI_RS03925,"UDP-2,3-diacylglucosamine diphosphatase"
356,NZ_L42023.1_496722_497489,HI_RS02470,imidazole glycerol phosphate synthase subunit HisF
357,NZ_L42023.1_1201162_1202514,HI_RS05930,UDP-N-acetylmuramoyl-tripeptide--D-alanyl-D-alanine ligase
358,NZ_L42023.1_1213325_1214239,HI_RS05980,UDP-3-O-acyl-N-acetylglucosamine deacetylase
359,NZ_L42023.1_1798692_1799561,HI_RS08850,phosphoribosylaminoimidazolesuccinocarboxamide synthase
360,NZ_L42023.1_1124919_1126025,HI_RS05570,lipid-A-disaccharide synthase
361,NZ_L42023.1_496003_496737,HI_RS02465,1-(5-phosphoribosyl)-5-[(5-phosphoribosylamino)methylideneamino]imidazole-4-carboxamide isomerase
362,NZ_L42023.1_60324_61319,HI_RS00300,tetraacyldisaccharide 4'-kinase
363,NZ_L42023.1_696060_697340,HI_RS03485,3-deoxy-D-manno-octulosonic acid transferase
364,NZ_L42023.1_1206265_1207317,HI_RS05950,undecaprenyldiphospho-muramoylpentapeptide beta-N-acetylglucosaminyltransferase
365,NZ_L42023.1_379235_379927,HI_RS01865,CMP-Neu5Ac--lipooligosaccharide alpha 2-3 sialyltransferase
366,NZ_L42023.1_1180823_1181743,HI_RS05835,ADP-glyceromanno-heptose 6-epimerase
367,NZ_L42023.1_119451_120077,HI_RS00575,glutathione S-transferase family protein
368,NZ_L42023.1_477999_478913,HI_RS02385,endolytic transglycosylase MltG
369,NZ_L42023.1_55607_56785,HI_RS00280,mannonate dehydratase
370,NZ_L42023.1_225817_226539,HI_RS01110,phosphatase PAP2 family protein
371,NZ_L42023.1_1202529_1203566,HI_RS05935,phospho-N-acetylmuramoyl-pentapeptide-transferase
372,NZ_L42023.1_715625_716278,HI_RS03585,2-C-methyl-D-erythritol 4-phosphate cytidylyltransferase
373,NZ_L42023.1_1674055_1674888,HI_RS08245,4-(cytidine 5'-diphospho)-2-C-methyl-D-erythritol kinase
374,NZ_L42023.1_1527362_1529221,HI_RS07440,1-deoxy-D-xylulose-5-phosphate synthase
375,NZ_L42023.1_715143_715616,HI_RS03580,"2-C-methyl-D-erythritol 2,4-cyclodiphosphate synthase"
376,NZ_L42023.1_1595756_1597183,HI_RS07870,bifunctional D-glycero-beta-D-manno-heptose-7-phosphate kinase/D-glycero-beta-D-manno-heptose 1-phosphate adenylyltransferase HldE
377,NZ_L42023.1_1248125_1248700,HI_RS06170,D-sedoheptulose 7-phosphate isomerase
378,NZ_L42023.1_656212_656763,HI_RS03265,"D-glycero-beta-D-manno-heptose 1,7-bisphosphate 7-phosphatase"
379,NZ_L42023.1_856025_857191,HI_RS04315,1-deoxy-D-xylulose-5-phosphate reductoisomerase
380,NZ_L42023.1_1132455_1133819,HI_RS05610,ammonia-forming nitrite reductase cytochrome c552 subunit
381,NZ_L42023.1_1090118_1090807,HI_RS05405,L-ribulose-5-phosphate 4-epimerase
382,NZ_L42023.1_1071996_1072931,HI_RS05315,4-hydroxy-3-methylbut-2-enyl diphosphate reductase
383,NZ_L42023.1_976180_976896,HI_RS04875,"di-trans,poly-cis-decaprenylcistransferase"
384,NZ_L42023.1_1089391_1090065,HI_RS05400,3-keto-L-gulonate-6-phosphate decarboxylase UlaD
385,NZ_L42023.1_932925_933890,HI_RS04685,octaprenyl diphosphate synthase
386,NZ_L42023.1_827846_828478,HI_RS04095,"3,4-dihydroxy-2-butanone-4-phosphate synthase"
387,NZ_L42023.1_1683556_1684509,HI_RS08285,5-(carboxyamino)imidazole ribonucleotide synthase
388,NZ_L42023.1_1682965_1683456,HI_RS08280,5-(carboxyamino)imidazole ribonucleotide mutase
389,NZ_L42023.1_1247261_1247989,HI_RS06165,arginine ABC transporter ATP-binding protein ArtP
390,NZ_L42023.1_143235_145220,HI_RS00705,ABC transporter substrate-binding protein
391,NZ_L42023.1_1479087_1480040,HI_RS07140,uncharacterized gene
392,NZ_L42023.1_874606_876123,HI_RS04395,galactose/methyl galactoside ABC transporter ATP-binding protein MglA
393,NZ_L42023.1_1175124_1176620,HI_RS05815,D-xylose ABC transporter ATP-binding protein
394,NZ_L42023.1_518467_519945,HI_RS02595,ribose ABC transporter ATP-binding protein RbsA
395,NZ_L42023.1_294525_296219,HI_RS01410,ShlB/FhaC/HecB family hemolysin secretion/activation protein
396,NZ_L42023.1_1224018_1225664,HI_RS06050,cysteine/glutathione ABC transporter ATP-binding protein/permease CydC
397,NZ_L42023.1_386405_387184,HI_RS01905,metal ABC transporter substrate-binding protein
398,NZ_L42023.1_1410722_1412590,HI_RS06895,ATP-dependent zinc metalloprotease FtsH
399,NZ_L42023.1_325366_327507,HI_RS01565,copper-translocating P-type ATPase
400,NZ_L42023.1_386411_387226,HI_RS01905,metal ABC transporter substrate-binding protein
401,NZ_L42023.1_428947_429621,HI_RS02140,zinc ABC transporter ATP-binding protein ZnuC
402,NZ_L42023.1_133901_134911,HI_RS00645,zinc ABC transporter substrate-binding protein ZnuA
403,NZ_L42023.1_1175118_1176620,HI_RS05815,D-xylose ABC transporter ATP-binding protein
404,NZ_L42023.1_325369_327510,HI_RS01565,copper-translocating P-type ATPase
405,NZ_L42023.1_1176683_1177600,HI_RS05820,D-xylose ABC transporter substrate-binding protein
406,NZ_L42023.1_1761756_1762433,HI_RS08675,molybdenum ABC transporter ATP-binding protein ModC
407,NZ_L42023.1_370792_372906,HI_RS01825,uncharacterized gene
408,NZ_L42023.1_1688546_1689226,HI_RS08320,DUF4198 domain-containing protein
409,NZ_L42023.1_1250943_1252544,HI_RS06190,ABC transporter permease subunit
410,NZ_L42023.1_382121_383062,HI_RS01880,ABC transporter substrate-binding protein
411,NZ_L42023.1_1083905_1085302,HI_RS05380,"thiamine/thiamine pyrophosphate ABC transporter, permease protein"
412,NZ_L42023.1_518455_519930,HI_RS02595,ribose ABC transporter ATP-binding protein RbsA
413,NZ_L42023.1_1175127_1176656,HI_RS05815,D-xylose ABC transporter ATP-binding protein
414,NZ_L42023.1_1556799_1557788,HI_RS07610,ABC transporter substrate-binding protein
415,NZ_L42023.1_883947_885596,HI_RS04455,fumarate reductase (quinol) flavoprotein subunit
416,NZ_L42023.1_1754231_1755598,HI_RS08645,electron transport complex subunit RsxC
417,NZ_L42023.1_61353_62930,HI_RS00305,lipid A ABC transporter ATP-binding protein/permease MsbA
418,NZ_L42023.1_105392_106909,HI_RS00515,iron ABC transporter permease
419,NZ_L42023.1_1295689_1296858,HI_RS06390,uracil permease
420,NZ_L42023.1_140677_142002,HI_RS00690,NCS2 family permease
421,NZ_L42023.1_1615836_1617068,HI_RS07955,serine/threonine transporter SstT
422,NZ_L42023.1_169426_170598,HI_RS00830,uncharacterized gene
423,NZ_L42023.1_1171120_1172514,HI_RS05800,Na+/H+ antiporter NhaC
424,NZ_L42023.1_50842_52038,HI_RS00255,TRAP transporter large permease
425,NZ_L42023.1_1022688_1024247,HI_RS05105,murein biosynthesis integral membrane protein MurJ
426,NZ_L42023.1_804682_805713,HI_RS03990,anaerobic C4-dicarboxylate transporter
427,NZ_L42023.1_730072_731418,HI_RS03655,glycerol-3-phosphate transporter
428,NZ_L42023.1_439995_441335,HI_RS02190,MHS family MFS transporter
429,NZ_L42023.1_1678080_1679450,HI_RS08265,sodium-coupled multidrug efflux MATE transporter HmrM
430,NZ_L42023.1_21281_22687,HI_RS00100,anion permease
431,NZ_L42023.1_790031_791518,HI_RS03935,sodium-dependent transporter
432,NZ_L42023.1_934770_936113,HI_RS04695,sodium:alanine symporter family protein
433,NZ_L42023.1_197081_198427,HI_RS00970,sodium:alanine symporter family protein
434,NZ_L42023.1_169414_170619,HI_RS00830,uncharacterized gene
435,NZ_L42023.1_1428887_1430383,HI_RS06980,sodium/proline symporter PutP
436,NZ_L42023.1_1778098_1780071,HI_RS08750,BCCT family transporter
437,NZ_L42023.1_1783348_1783794,HI_RS08775,PTS glucose transporter subunit IIA
438,NZ_L42023.1_1724522_1726741,HI_RS08520,ribonucleoside-diphosphate reductase subunit alpha
439,NZ_L42023.1_1726925_1728052,HI_RS08525,ribonucleotide-diphosphate reductase subunit beta
440,NZ_L42023.1_255674_256960,HI_RS01230,branched-chain amino acid transport system II carrier protein
441,NZ_L42023.1_1227583_1228527,HI_RS06060,thioredoxin-disulfide reductase
442,NZ_L42023.1_391558_392658,HI_RS01930,flavodoxin-dependent (E)-4-hydroxy-3-methylbut-2-enyl-diphosphate synthase
443,NZ_L42023.1_638579_639928,HI_RS03180,DASS family sodium-coupled anion symporter
444,NZ_L42023.1_1602599_1603723,HI_RS07890,sodium/glutamate symporter
445,NZ_L42023.1_952650_954152,HI_RS04765,MFS transporter
446,NZ_L42023.1_353455_354675,HI_RS01730,Na+/H+ antiporter family protein
447,NZ_L42023.1_323908_325152,HI_RS01560,HAAAP family serine/threonine permease
448,NZ_L42023.1_321135_322328,HI_RS01550,tryptophan permease
449,NZ_L42023.1_498430_499620,HI_RS02480,Tyrosine-specific transporter 1
450,NZ_L42023.1_611215_612516,HI_RS03040,putrescine-ornithine antiporter
451,NZ_L42023.1_615847_617295,HI_RS03065,YfcC family protein
452,NZ_L42023.1_1653829_1655322,HI_RS08150,Na+/H+ antiporter NhaC family protein
453,NZ_L42023.1_1033019_1034455,HI_RS05160,sodium/panthothenate symporter
454,NZ_L42023.1_1028740_1030092,HI_RS05140,acetyl-CoA carboxylase biotin carboxylase subunit
455,NZ_L42023.1_1811280_1812065,HI_RS08895,SDR family oxidoreductase
456,NZ_L42023.1_1404652_1405182,HI_RS06855,bifunctional 3-hydroxydecanoyl-ACP dehydratase/trans-2-decenoyl-ACP isomerase
457,NZ_L42023.1_171419_172144,HI_RS00840,3-oxoacyl-ACP reductase FabG
458,NZ_L42023.1_173730_174677,HI_RS00850,ketoacyl-ACP synthase III
459,NZ_L42023.1_1605156_1606367,HI_RS07905,beta-ketoacyl-ACP synthase I
460,NZ_L42023.1_172170_173099,HI_RS00845,ACP S-malonyltransferase
461,NZ_L42023.1_948543_951566,HI_RS04755,efflux RND transporter permease subunit
462,NZ_L42023.1_21275_22663,HI_RS00100,anion permease
463,NZ_L42023.1_149035_150126,HI_RS00725,sugar transporter
464,NZ_L42023.1_898107_899414,HI_RS04540,multidrug efflux MFS transporter
465,NZ_L42023.1_734267_735049,HI_RS03675,aquaporin
466,NZ_L42023.1_1186396_1187358,HI_RS05865,ABC transporter ATP-binding protein
467,NZ_L42023.1_106929_107774,HI_RS00520,ABC transporter ATP-binding protein
468,NZ_L42023.1_142262_143149,HI_RS00695,ferric ABC transporter ATP-binding protein
469,NZ_L42023.1_194626_195375,HI_RS00960,formate transporter FocA
470,NZ_L42023.1_468283_469935,HI_RS02330,PTS fructose transporter subunit EIIBC
471,NZ_L42023.1_1783950_1785509,HI_RS08780,phosphoenolpyruvate-protein phosphotransferase PtsI
472,NZ_L42023.1_883944_885506,HI_RS04455,fumarate reductase (quinol) flavoprotein subunit
473,NZ_L42023.1_1094220_1095488,HI_RS05425,TRAP transporter large permease subunit
474,NZ_L42023.1_730072_731415,HI_RS03655,glycerol-3-phosphate transporter
475,NZ_L42023.1_214002_214760,HI_RS01050,TSUP family transporter
476,NZ_L42023.1_665535_666908,HI_RS03305,Trk system potassium transporter TrkA
477,NZ_L42023.1_449625_451163,HI_RS02230,Na(+)/H(+) antiporter NhaB
478,NZ_L42023.1_769437_770798,HI_RS03845,trk system potassium uptake protein trkH
479,NZ_L42023.1_254293_255432,HI_RS01225,Na+/H+ antiporter NhaA
480,NZ_L42023.1_965099_966721,HI_RS04830,glutathione-regulated potassium-efflux system protein
481,NZ_L42023.1_142175_143125,HI_RS00695,ferric ABC transporter ATP-binding protein
482,NZ_L42023.1_149038_150204,HI_RS00725,sugar transporter
483,NZ_L42023.1_184164_185378,HI_RS00910,NADH:ubiquinone reductase (Na(+)-transporting) subunit F
484,NZ_L42023.1_1249726_1250697,HI_RS06180,ABC transporter ATP-binding protein
485,NZ_L42023.1_1678092_1679450,HI_RS08265,sodium-coupled multidrug efflux MATE transporter HmrM
486,NZ_L42023.1_948549_951626,HI_RS04755,efflux RND transporter permease subunit
487,NZ_L42023.1_1164836_1165552,HI_RS05770,sulfate transporter CysZ
488,NZ_L42023.1_36406_38004,HI_RS00175,putative transporter
489,NZ_L42023.1_321207_322352,HI_RS01550,tryptophan permease
490,NZ_L42023.1_790001_791497,HI_RS03935,sodium-dependent transporter
491,NZ_L42023.1_834698_836029,HI_RS04135,TIGR00366 family protein
492,NZ_L42023.1_728148_729734,HI_RS03650,anaerobic glycerol-3-phosphate dehydrogenase subunit A
493,NZ_L42023.1_726812_728098,HI_RS03645,glycerol-3-phosphate dehydrogenase subunit GlpB
494,NZ_L42023.1_725517_726713,HI_RS03640,anaerobic glycerol-3-phosphate dehydrogenase subunit C
495,NZ_L42023.1_82809_83615,HI_RS00385,acyl-CoA thioesterase II
496,NZ_L42023.1_1086136_1087134,HI_RS05390,biotin synthase BioB
497,NZ_L42023.1_552822_553829,HI_RS02735,tRNA (adenosine(37)-N6)-threonylcarbamoyltransferase complex transferase subunit TsaD
498,NZ_L42023.1_975299_976159,HI_RS04870,phosphatidate cytidylyltransferase
499,NZ_L42023.1_447351_448715,HI_RS02220,CDP-diacylglycerol--serine O-phosphatidyltransferase
500,NZ_L42023.1_138800_139354,HI_RS00665,CDP-diacylglycerol--glycerol-3-phosphate 3-phosphatidyltransferase
501,NZ_L42023.1_1385173_1385661,HI_RS06760,phosphatidylglycerophosphatase A
502,NZ_L42023.1_175752_176597,HI_RS00865,phosphatidylserine decarboxylase
503,NZ_L42023.1_1444191_1446599,HI_RS07025,glycogen/starch/alpha-glucan phosphorylase
504,NZ_L42023.1_182907_183527,HI_RS00900,NADH:ubiquinone reductase (Na(+)-transporting) subunit D
505,NZ_L42023.1_1758480_1759091,HI_RS08660,electron transport complex subunit E
506,NZ_L42023.1_1111126_1113528,HI_RS05515,molybdopterin-dependent oxidoreductase
507,NZ_L42023.1_805980_807311,HI_RS03995,NAD(P)/FAD-dependent oxidoreductase
508,NZ_L42023.1_363479_363832,HI_RS01780,diacylglycerol kinase
509,NZ_L42023.1_788256_788969,HI_RS03920,1-acylglycerol-3-phosphate O-acyltransferase
510,NZ_L42023.1_1675943_1677145,HI_RS08255,tyrosine--tRNA ligase
511,NZ_L42023.1_863523_866144,HI_RS04350,alanine--tRNA ligase
512,NZ_L42023.1_1649297_1651027,HI_RS08130,arginine--tRNA ligase
513,NZ_L42023.1_1381585_1382985,HI_RS06740,asparagine--tRNA ligase
514,NZ_L42023.1_84583_85959,HI_RS00395,cysteine--tRNA ligase
515,NZ_L42023.1_1432448_1434079,HI_RS06990,glutamine--tRNA ligase
516,NZ_L42023.1_984717_985622,HI_RS04915,glycine--tRNA ligase subunit alpha
517,NZ_L42023.1_981600_983663,HI_RS04900,glycine--tRNA ligase subunit beta
518,NZ_L42023.1_392674_393897,HI_RS01935,histidine--tRNA ligase
519,NZ_L42023.1_1018849_1021662,HI_RS05095,uncharacterized gene
520,NZ_L42023.1_1488008_1490869,HI_RS07195,valine--tRNA ligase
521,NZ_L42023.1_977145_979724,HI_RS04880,leucine--tRNA ligase
522,NZ_L42023.1_1351862_1353907,HI_RS06610,methionine--tRNA ligase
523,NZ_L42023.1_1388300_1389286,HI_RS06785,phenylalanine--tRNA ligase subunit alpha
524,NZ_L42023.1_1389323_1391707,HI_RS06790,phenylalanine--tRNA ligase subunit beta
525,NZ_L42023.1_782566_784260,HI_RS03905,proline--tRNA ligase
526,NZ_L42023.1_117827_119110,HI_RS00570,serine--tRNA ligase
527,NZ_L42023.1_1454489_1456414,HI_RS07055,threonine--tRNA ligase
528,NZ_L42023.1_678560_679555,HI_RS03390,tryptophan--tRNA ligase
529,NZ_L42023.1_271618_272748,HI_RS01315,tRNA guanosine(34) transglycosylase Tgt
530,NZ_L42023.1_325375_327537,HI_RS01565,copper-translocating P-type ATPase
531,NZ_L42023.1_1211_2998,HI_RS00010,long-chain fatty acid--CoA ligase
532,NZ_L42023.1_416297_416872,HI_RS02070,aminoacyl-tRNA hydrolase
533,NZ_L42023.1_1289465_1290112,HI_RS06350,(d)CMP kinase
534,NZ_L42023.1_1711501_1712112,HI_RS08455,(d)CMP kinase
535,NZ_L42023.1_26996_27964,HI_RS00125,[citrate (pro-3S)-lyase] ligase
536,NZ_L42023.1_969812_970831,HI_RS04850,UDP-3-O-(3-hydroxymyristoyl)glucosamine N-acyltransferase
537,NZ_L42023.1_1126092_1126877,HI_RS05575,acyl-ACP--UDP-N-acetylglucosamine O-acyltransferase
538,NZ_L42023.1_347766_349529,HI_RS01695,aspartate--tRNA ligase
539,NZ_L42023.1_307444_308877,HI_RS01470,glutamate--tRNA ligase
540,NZ_L42023.1_807406_809751,HI_RS04000,glycerol-3-phosphate 1-O-acyltransferase PlsB
541,NZ_L42023.1_299486_300067,HI_RS01425,glycerol-3-phosphate 1-O-acyltransferase PlsY
542,NZ_L42023.1_29279_29887,HI_RS00135,lipoyl(octanoyl) transferase LipB
543,NZ_L42023.1_1788139_1789101,HI_RS08805,UDP-N-acetylglucosamine--undecaprenyl-phosphate N-acetylglucosaminephosphotransferase
544,NZ_L42023.1_818280_819161,HI_RS04035,N-acetylmuramic acid 6-phosphate etherase
545,NZ_L42023.1_1187409_1188350,HI_RS05870,ABC transporter ATP-binding protein
546,NZ_L42023.1_1439092_1440897,HI_RS07010,glycogen debranching protein GlgX
547,NZ_L42023.1_1434908_1436731,HI_RS07000,4-alpha-glucanotransferase
548,NZ_L42023.1_1609583_1610458,HI_RS07920,DMT family transporter
549,NZ_L42023.1_36406_37836,HI_RS00175,putative transporter
550,NZ_L42023.1_1315276_1316424,HI_RS06460,Bcr/CflA family multidrug efflux MFS transporter
551,NZ_L42023.1_1140399_1141916,HI_RS05635,cytochrome oxidase subunit 1
552,NZ_L42023.1_525235_526113,HI_RS02630,"1,4-dihydroxy-2-naphthoate octaprenyltransferase"
553,NZ_L42023.1_1496057_1496662,HI_RS07230,hypothetical protein
554,NZ_L42023.1_1497591_1498607,HI_RS07240,quinone-dependent dihydroorotate dehydrogenase
555,NZ_L42023.1_883947_885590,HI_RS04455,fumarate reductase (quinol) flavoprotein subunit
556,NZ_L42023.1_1436783_1438963,HI_RS07005,"1,4-alpha-glucan branching protein GlgB"
557,NZ_L42023.1_1442482_1443909,HI_RS07020,glycogen synthase GlgA
558,NZ_L42023.1_1277539_1279038,HI_RS06310,lysine--tRNA ligase
559,NZ_L42023.1_142187_143050,HI_RS00695,ferric ABC transporter ATP-binding protein
560,NZ_L42023.1_460645_463236,HI_RS02295,penicillin-binding protein 1A
561,NZ_L42023.1_33515_35359,HI_RS00160,penicillin-binding protein 2
562,NZ_L42023.1_1197966_1199588,HI_RS05920,peptidoglycan synthase FtsI
563,NZ_L42023.1_1796669_1798342,HI_RS08845,penicillin-binding protein 1B
564,NZ_L42023.1_1099920_1100864,HI_RS05455,magnesium/cobalt transporter CorA
565,NZ_L42023.1_335399_336256,HI_RS01620,CNNM family magnesium/cobalt transport protein CorC
566,NZ_L42023.1_753952_755307,HI_RS03765,L-seryl-tRNA(Sec) selenium transferase
567,NZ_L42023.1_1446885_1448417,HI_RS07030,Re/Si-specific NAD(P)(+) transhydrogenase subunit alpha
568,NZ_L42023.1_22692_24053,HI_RS00105,triphosphoribosyl-dephospho-CoA synthase CitG
569,NZ_L42023.1_948546_951584,HI_RS04755,efflux RND transporter permease subunit
570,NZ_L42023.1_952641_954140,HI_RS04765,MFS transporter
571,NZ_L42023.1_1300598_1301983,HI_RS06410,dihydrolipoyl dehydrogenase
572,NZ_L42023.1_883944_885512,HI_RS04455,fumarate reductase (quinol) flavoprotein subunit
573,NZ_L42023.1_315853_316593,HI_RS01525,"2-succinyl-6-hydroxy-2,4-cyclohexadiene-1-carboxylate synthase"
574,NZ_L42023.1_518034_518450,HI_RS02590,D-ribose pyranase
575,NZ_L42023.1_162609_164456,HI_RS00800,TRAP transporter large permease subunit
576,NZ_L42023.1_611191_612516,HI_RS03040,putrescine-ornithine antiporter
577,NZ_L42023.1_154039_155115,HI_RS00755,porin
578,NZ_L42023.1_449625_451145,HI_RS02230,Na(+)/H(+) antiporter NhaB
579,NZ_L42023.1_1653814_1655313,HI_RS08150,Na+/H+ antiporter NhaC family protein
580,NZ_L42023.1_197174_198448,HI_RS00970,sodium:alanine symporter family protein
581,NZ_L42023.1_1602551_1603720,HI_RS07890,sodium/glutamate symporter
582,NZ_L42023.1_1518454_1519185,HI_RS07380,SDR family oxidoreductase
583,NZ_L42023.1_685469_687805,HI_RS03440,trimethylamine-N-oxide reductase TorA
584,NZ_L42023.1_1110498_1111115,HI_RS05510,dimethylsulfoxide reductase subunit B
585,NZ_L42023.1_1109657_1110493,HI_RS05505,dimethyl sulfoxide reductase anchor subunit
586,NZ_L42023.1_1374347_1375528,HI_RS06705,cysteine desulfurase
587,NZ_L42023.1_642791_643426,HI_RS03205,L-fuculose-phosphate aldolase
588,NZ_L42023.1_80526_82646,HI_RS00380,anaerobic ribonucleoside-triphosphate reductase
589,NZ_L42023.1_500288_501664,HI_RS02490,F0F1 ATP synthase subunit beta
590,NZ_L42023.1_5800_7731,HI_RS00030,formate dehydrogenase-N subunit alpha
