,Joined,Locus tag,Name
0,NZ_MTGI01000001.1_12419_11892,BWO93_RS00090,inorganic diphosphatase
1,NZ_MTGI01000007.1_34844_36553,BWO93_RS04915,acetolactate synthase 3 large subunit
2,NZ_MTGI01000007.1_36565_37038,BWO93_RS04920,acetolactate synthase small subunit
3,NZ_MTGI01000002.1_113042_111519,BWO93_RS01085,catalase
4,NZ_MTGI01000005.1_213489_210880,BWO93_RS04235,"pyruvate dehydrogenase (acetyl-transferring), homodimeric type"
5,NZ_MTGI01000002.1_80879_81925,BWO93_RS00925,beta-N-acetylhexosaminidase
6,NZ_MTGI01000017.1_44430_45092,BWO93_RS08105,lipooligosaccharide biosynthesis galactosyltransferase LsgF
7,NZ_MTGI01000007.1_8941_8336,BWO93_RS04785,riboflavin synthase
8,NZ_MTGI01000003.1_117333_118862,BWO93_RS01715,F0F1 ATP synthase subunit alpha
9,NZ_MTGI01000003.1_119779_121146,BWO93_RS01725,F0F1 ATP synthase subunit beta
10,NZ_MTGI01000003.1_118890_119756,BWO93_RS01720,F0F1 ATP synthase subunit gamma
11,NZ_MTGI01000003.1_116787_117317,BWO93_RS01710,F0F1 ATP synthase subunit delta
12,NZ_MTGI01000003.1_102936_101479,BWO93_RS01605,ribose ABC transporter ATP-binding protein RbsA
13,NZ_MTGI01000005.1_23505_21679,BWO93_RS03325,ABC transporter ATP-binding protein
14,NZ_MTGI01000005.1_81901_80396,BWO93_RS03605,D-xylose ABC transporter ATP-binding protein
15,NZ_MTGI01000005.1_155028_154081,BWO93_RS03965,peptide ABC transporter ATP-binding protein
16,NZ_MTGI01000005.1_92555_91674,BWO93_RS03655,murein tripeptide/oligopeptide ABC transporter ATP binding protein OppF
17,NZ_MTGI01000005.1_156044_155256,BWO93_RS03970,dipeptide ABC transporter ATP-binding protein
18,NZ_MTGI01000005.1_58248_57460,BWO93_RS03490,phospholipid ABC transporter ATP-binding protein MlaF
19,NZ_MTGI01000005.1_93625_92684,BWO93_RS03660,ABC transporter ATP-binding protein
20,NZ_MTGI01000005.1_51807_51061,BWO93_RS03445,amino acid ABC transporter ATP-binding protein
21,NZ_MTGI01000005.1_152316_151588,BWO93_RS03950,arginine ABC transporter ATP-binding protein ArtP
22,NZ_MTGI01000005.1_234874_236349,BWO93_RS04330,energy-dependent translational throttle protein EttA
23,NZ_MTGI01000008.1_46478_48007,BWO93_RS05315,ABC transporter ATP-binding protein/permease
24,NZ_MTGI01000008.1_65832_64255,BWO93_RS05405,lipid A ABC transporter ATP-binding protein/permease MsbA
25,NZ_MTGI01000009.1_96694_98199,BWO93_RS06210,galactose/methyl galactoside ABC transporter ATP-binding protein MglA
26,NZ_MTGI01000011.1_13429_12728,BWO93_RS07040,uncharacterized gene
27,NZ_MTGI01000015.1_26804_25773,BWO93_RS07915,methionine ABC transporter permease
28,NZ_MTGI01000027.1_1581_181,BWO93_RS09125,TrkH family potassium uptake protein
29,NZ_MTGI01000005.1_130897_129269,BWO93_RS03840,cysteine/glutathione ABC transporter ATP-binding protein/permease CydC
30,NZ_MTGI01000022.1_2055_3497,BWO93_RS08775,thiol reductant ABC exporter subunit CydC
31,NZ_MTGI01000005.1_132753_130999,BWO93_RS03845,cysteine/glutathione ABC transporter permease/ATP-binding protein CydD
32,NZ_MTGI01000022.1_335_1819,BWO93_RS08770,ABC transporter ATP-binding protein/permease
33,NZ_MTGI01000008.1_107929_108957,BWO93_RS05615,heme ABC transporter ATP-binding protein FbpC
34,NZ_MTGI01000012.1_102154_103290,BWO93_RS07585,spermidine/putrescine ABC transporter ATP-binding protein PotA
35,NZ_MTGI01000012.1_49086_49853,BWO93_RS07415,phosphate ABC transporter ATP-binding protein PstB
36,NZ_MTGI01000017.1_47868_48920,BWO93_RS08125,molybdenum ABC transporter ATP-binding protein ModC
37,NZ_MTGI01000013.1_25294_22478,BWO93_RS07740,excinuclease ABC subunit UvrA
38,NZ_MTGI01000017.1_46254_47006,BWO93_RS08115,molybdate ABC transporter substrate-binding protein
39,NZ_MTGI01000001.1_45535_44168,BWO93_RS00265,glutathione-disulfide reductase
40,NZ_MTGI01000002.1_85518_85066,BWO93_RS00950,dUTP diphosphatase
41,NZ_MTGI01000003.1_140628_139843,BWO93_RS01820,nucleoside triphosphate pyrophosphohydrolase
42,NZ_MTGI01000003.1_181676_182458,BWO93_RS02065,NAD(+) diphosphatase
43,NZ_MTGI01000008.1_81627_80755,BWO93_RS05460,NAD(+) kinase
44,NZ_MTGI01000012.1_22439_23281,BWO93_RS07270,hypothetical protein
45,NZ_MTGI01000012.1_79404_77869,BWO93_RS07510,Re/Si-specific NAD(P)(+) transhydrogenase subunit alpha
46,NZ_MTGI01000012.1_77852_76431,BWO93_RS07505,Re/Si-specific NAD(P)(+) transhydrogenase subunit beta
47,NZ_MTGI01000003.1_109817_110521,BWO93_RS01640,acid phosphatase AphA
48,NZ_MTGI01000019.1_19404_20933,BWO93_RS08735,signal peptide peptidase SppA
49,NZ_MTGI01000022.1_41118_41849,BWO93_RS08970,5'/3'-nucleotidase SurE
50,NZ_MTGI01000022.1_30386_31153,BWO93_RS08930,lipoprotein e(P4)
51,NZ_MTGI01000003.1_259255_259893,BWO93_RS02465,adenylate kinase
52,NZ_MTGI01000009.1_165769_166383,BWO93_RS06555,dephospho-CoA kinase
53,NZ_MTGI01000003.1_59178_60893,BWO93_RS01425,urease subunit alpha
54,NZ_MTGI01000003.1_58482_58781,BWO93_RS01415,urease subunit gamma
55,NZ_MTGI01000009.1_49147_48101,BWO93_RS05905,uncharacterized gene
56,NZ_MTGI01000009.1_150747_151169,BWO93_RS06485,nucleoside-diphosphate kinase
57,NZ_MTGI01000008.1_7771_7148,BWO93_RS05130,guanylate kinase
58,NZ_MTGI01000005.1_34936_35646,BWO93_RS03380,UMP kinase
59,NZ_MTGI01000002.1_76277_77155,BWO93_RS00905,bifunctional riboflavin kinase/FAD synthetase
60,NZ_MTGI01000003.1_3808_3017,BWO93_RS01125,Cof-type HAD-IIB family hydrolase
61,NZ_MTGI01000003.1_209069_209929,BWO93_RS02190,pyridoxal kinase
62,NZ_MTGI01000005.1_146367_147509,BWO93_RS03915,methionine adenosyltransferase
63,NZ_MTGI01000005.1_79025_77901,BWO93_RS03595,MalY/PatB family protein
64,NZ_MTGI01000001.1_87641_89317,BWO93_RS00485,NAD nucleotidase
65,NZ_MTGI01000003.1_43104_43910,BWO93_RS01320,"3'(2'),5'-bisphosphate nucleotidase CysQ"
66,NZ_MTGI01000005.1_207429_206890,BWO93_RS04220,adenine phosphoribosyltransferase
67,NZ_MTGI01000005.1_126287_126811,BWO93_RS03815,hypoxanthine phosphoribosyltransferase
68,NZ_MTGI01000005.1_190757_191443,BWO93_RS04150,5'-methylthioadenosine/adenosylhomocysteine nucleosidase
69,NZ_MTGI01000008.1_1500_373,BWO93_RS05105,FMN-dependent L-lactate dehydrogenase LldD
70,NZ_MTGI01000005.1_139267_136190,BWO93_RS03870,FAD-binding and (Fe-S)-binding domain-containing protein
71,NZ_MTGI01000008.1_65991_64258,BWO93_RS05405,lipid A ABC transporter ATP-binding protein/permease MsbA
72,NZ_MTGI01000007.1_46501_45083,BWO93_RS04960,pyruvate kinase
73,NZ_MTGI01000005.1_209000_207627,BWO93_RS04225,dihydrolipoyl dehydrogenase
74,NZ_MTGI01000005.1_210460_209129,BWO93_RS04230,pyruvate dehydrogenase complex dihydrolipoyllysine-residue acetyltransferase
75,NZ_MTGI01000017.1_80505_81731,BWO93_RS08270,2-oxoglutarate dehydrogenase complex dihydrolipoyllysine-residue succinyltransferase
76,NZ_MTGI01000001.1_61941_59662,BWO93_RS00350,formate C-acetyltransferase
77,NZ_MTGI01000005.1_225045_226220,BWO93_RS04290,NADP-dependent malic enzyme
78,NZ_MTGI01000002.1_53878_52805,BWO93_RS00780,3-isopropylmalate dehydrogenase
79,NZ_MTGI01000005.1_225006_226214,BWO93_RS04290,NADP-dependent malic enzyme
80,NZ_MTGI01000005.1_224994_226214,BWO93_RS04290,NADP-dependent malic enzyme
81,NZ_MTGI01000003.1_311383_312738,BWO93_RS02755,L-serine ammonia-lyase
82,NZ_MTGI01000009.1_17576_19084,BWO93_RS05770,"threonine ammonia-lyase, biosynthetic"
83,NZ_MTGI01000005.1_177838_175706,BWO93_RS04080,phosphate acetyltransferase
84,NZ_MTGI01000009.1_56356_55178,BWO93_RS05945,acetyl-CoA C-acetyltransferase
85,NZ_MTGI01000009.1_177567_178664,BWO93_RS06605,glutamate 5-kinase
86,NZ_MTGI01000001.1_70784_72070,BWO93_RS00400,NADP-specific glutamate dehydrogenase
87,NZ_MTGI01000001.1_70724_72067,BWO93_RS00400,NADP-specific glutamate dehydrogenase
88,NZ_MTGI01000017.1_9163_9891,BWO93_RS07950,5-oxoprolinase subunit PxpA
89,NZ_MTGI01000017.1_7618_8223,BWO93_RS07940,5-oxoprolinase subunit PxpB
90,NZ_MTGI01000009.1_138727_140118,BWO93_RS06430,glutamate--ammonia ligase
91,NZ_MTGI01000003.1_126060_125482,BWO93_RS01760,imidazole glycerol phosphate synthase subunit HisH
92,NZ_MTGI01000009.1_26007_26900,BWO93_RS05800,L-asparaginase 2
93,NZ_MTGI01000017.1_96234_95665,BWO93_RS08340,pyridoxal 5'-phosphate synthase glutaminase subunit PdxT
94,NZ_MTGI01000003.1_315442_314231,BWO93_RS02765,pyridoxal phosphate-dependent aminotransferase
95,NZ_MTGI01000009.1_84299_82929,BWO93_RS06150,argininosuccinate lyase
96,NZ_MTGI01000008.1_2521_1715,BWO93_RS05110,glutamate racemase
97,NZ_MTGI01000003.1_316886_318574,BWO93_RS02780,2-succinyl-5-enolpyruvyl-6-hydroxy-3-cyclohexene-1-carboxylic-acid synthase
98,NZ_MTGI01000003.1_265364_262887,BWO93_RS02490,nitrate reductase catalytic subunit NapA
99,NZ_MTGI01000005.1_59299_58679,BWO93_RS03495,superoxide dismutase [Mn]
100,NZ_MTGI01000009.1_135904_136530,BWO93_RS06420,pyridoxamine 5'-phosphate oxidase
101,NZ_MTGI01000009.1_85321_84437,BWO93_RS06155,UTP--glucose-1-phosphate uridylyltransferase GalU
102,NZ_MTGI01000003.1_256735_257748,BWO93_RS02455,UDP-glucose 4-epimerase GalE
103,NZ_MTGI01000005.1_83181_84494,BWO93_RS03615,xylose isomerase
104,NZ_MTGI01000005.1_135757_134789,BWO93_RS03860,ferrochelatase
105,NZ_MTGI01000005.1_179111_177909,BWO93_RS04085,acetate kinase
106,NZ_MTGI01000003.1_274562_272334,BWO93_RS02540,GTP diphosphokinase
107,NZ_MTGI01000008.1_6680_4638,BWO93_RS05120,"bifunctional GTP diphosphokinase/guanosine-3',5'-bis pyrophosphate 3'-pyrophosphohydrolase"
108,NZ_MTGI01000009.1_81727_80114,BWO93_RS06140,phosphoenolpyruvate carboxykinase (ATP)
109,NZ_MTGI01000005.1_183554_184408,BWO93_RS04115,malate dehydrogenase
110,NZ_MTGI01000017.1_110466_107830,BWO93_RS08400,phosphoenolpyruvate carboxylase
111,NZ_MTGI01000008.1_33790_32288,BWO93_RS05245,citrate lyase subunit alpha
112,NZ_MTGI01000008.1_34674_33805,BWO93_RS05250,citrate (pro-3S)-lyase subunit beta
113,NZ_MTGI01000017.1_123764_122577,BWO93_RS08505,amino acid aminotransferase
114,NZ_MTGI01000009.1_107693_106038,BWO93_RS06270,fumarate reductase (quinol) flavoprotein subunit
115,NZ_MTGI01000003.1_235624_236835,BWO93_RS02335,IscS subfamily cysteine desulfurase
116,NZ_MTGI01000007.1_43498_42458,BWO93_RS04950,alanine racemase
117,NZ_MTGI01000005.1_170264_171130,BWO93_RS04050,succinate--CoA ligase subunit alpha
118,NZ_MTGI01000005.1_169095_170258,BWO93_RS04045,ADP-forming succinate--CoA ligase subunit beta
119,NZ_MTGI01000004.1_17288_18655,BWO93_RS03090,bifunctional UDP-N-acetylglucosamine diphosphorylase/glucosamine-1-phosphate N-acetyltransferase GlmU
120,NZ_MTGI01000006.1_9271_9921,BWO93_RS04600,GTP cyclohydrolase I FolE
121,NZ_MTGI01000001.1_94030_94674,BWO93_RS00510,GTP cyclohydrolase II
122,NZ_MTGI01000009.1_3199_1955,BWO93_RS05705,diaminopimelate decarboxylase
123,NZ_MTGI01000003.1_9224_11383,BWO93_RS01160,ornithine decarboxylase SpeF
124,NZ_MTGI01000008.1_98306_95862,BWO93_RS05560,bifunctional aspartate kinase/homoserine dehydrogenase I
125,NZ_MTGI01000003.1_39386_38397,BWO93_RS01295,aspartate--ammonia ligase
126,NZ_MTGI01000003.1_64108_65505,BWO93_RS01450,aspartate ammonia-lyase
127,NZ_MTGI01000012.1_32267_30876,BWO93_RS07325,class II fumarate hydratase
128,NZ_MTGI01000008.1_59382_57103,BWO93_RS05380,bifunctional glutamate--cysteine ligase GshA/glutathione synthetase GshB
129,NZ_MTGI01000009.1_94285_93239,BWO93_RS06195,galactose-1-phosphate uridylyltransferase
130,NZ_MTGI01000005.1_194342_191526,BWO93_RS04155,TonB-dependent receptor
131,NZ_MTGI01000007.1_31305_30022,BWO93_RS04890,3-phosphoshikimate 1-carboxyvinyltransferase
132,NZ_MTGI01000001.1_14205_14807,BWO93_RS00100,uridine kinase
133,NZ_MTGI01000001.1_66924_66091,BWO93_RS00370,S-formylglutathione hydrolase
134,NZ_MTGI01000008.1_88073_86697,BWO93_RS05490,cysteine--tRNA ligase
135,NZ_MTGI01000001.1_14840_15418,BWO93_RS00105,dCTP deaminase
136,NZ_MTGI01000005.1_48402_50036,BWO93_RS03435,CTP synthase (glutamine hydrolyzing)
137,NZ_MTGI01000005.1_7353_8294,BWO93_RS03240,phosphoserine phosphatase
138,NZ_MTGI01000005.1_248062_249075,BWO93_RS04375,homoserine O-acetyltransferase
139,NZ_MTGI01000010.1_36569_35598,BWO93_RS06955,thiamine-phosphate kinase
140,NZ_MTGI01000017.1_77597_80395,BWO93_RS08265,2-oxoglutarate dehydrogenase E1 component
141,NZ_MTGI01000008.1_92708_91629,BWO93_RS05525,methionine biosynthesis PLP-dependent protein
142,NZ_MTGI01000002.1_107695_109002,BWO93_RS01065,phosphopyruvate hydratase
143,NZ_MTGI01000005.1_54865_53609,BWO93_RS03460,UDP-N-acetylglucosamine 1-carboxyvinyltransferase
144,NZ_MTGI01000022.1_44270_45676,BWO93_RS08995,tryptophanase
145,NZ_MTGI01000006.1_23801_23013,BWO93_RS04695,tryptophan synthase subunit alpha
146,NZ_MTGI01000006.1_24997_23813,BWO93_RS04700,tryptophan synthase subunit beta
147,NZ_MTGI01000002.1_90737_92269,BWO93_RS00990,"L-2,4-diaminobutyrate decarboxylase"
148,NZ_MTGI01000005.1_119631_120785,BWO93_RS03775,chorismate mutase
149,NZ_MTGI01000008.1_91610_90633,BWO93_RS05520,2-hydroxyacid dehydrogenase
150,NZ_MTGI01000019.1_5341_6267,BWO93_RS08660,2-hydroxyacid dehydrogenase
151,NZ_MTGI01000002.1_70169_68727,BWO93_RS00860,acetyl-CoA carboxylase biotin carboxylase subunit
152,NZ_MTGI01000003.1_208049_208993,BWO93_RS02185,acetyl-CoA carboxylase carboxyl transferase subunit alpha
153,NZ_MTGI01000005.1_244096_244980,BWO93_RS04355,"acetyl-CoA carboxylase, carboxyltransferase subunit beta"
154,NZ_MTGI01000001.1_68057_66924,BWO93_RS00375,S-(hydroxymethyl)glutathione dehydrogenase/class III alcohol dehydrogenase
155,NZ_MTGI01000002.1_58700_59659,BWO93_RS00805,6-phosphofructokinase
156,NZ_MTGI01000001.1_63363_64274,BWO93_RS00360,N-acetylglucosamine kinase
157,NZ_MTGI01000017.1_98744_97770,BWO93_RS08355,class 1 fructose-bisphosphatase
158,NZ_MTGI01000022.1_6423_5467,BWO93_RS08795,class II fructose-bisphosphatase
159,NZ_MTGI01000001.1_24992_24216,BWO93_RS00155,glucosamine-6-phosphate deaminase
160,NZ_MTGI01000003.1_183612_185441,BWO93_RS02080,glutamine--fructose-6-phosphate transaminase (isomerizing)
161,NZ_MTGI01000007.1_42340_40694,BWO93_RS04945,glucose-6-phosphate isomerase
162,NZ_MTGI01000002.1_70124_68787,BWO93_RS00860,acetyl-CoA carboxylase biotin carboxylase subunit
163,NZ_MTGI01000017.1_8241_9146,BWO93_RS07945,5-oxoprolinase/urea amidolyase family protein
164,NZ_MTGI01000001.1_9904_8744,BWO93_RS00060,cystathionine beta-lyase
165,NZ_MTGI01000005.1_78995_77871,BWO93_RS03595,MalY/PatB family protein
166,NZ_MTGI01000008.1_92714_91641,BWO93_RS05525,methionine biosynthesis PLP-dependent protein
167,NZ_MTGI01000005.1_46169_45036,BWO93_RS03420,cytochrome d ubiquinol oxidase subunit II
168,NZ_MTGI01000003.1_44001_45443,BWO93_RS01325,glucose-6-phosphate dehydrogenase
169,NZ_MTGI01000015.1_6546_7550,BWO93_RS07825,NAD(P)H-dependent glycerol-3-phosphate dehydrogenase
170,NZ_MTGI01000022.1_27994_29508,BWO93_RS08915,glycerol kinase GlpK
171,NZ_MTGI01000005.1_71548_72480,BWO93_RS03570,cysteine synthase A
172,NZ_MTGI01000017.1_33727_32261,BWO93_RS08055,leucyl aminopeptidase
173,NZ_MTGI01000022.1_10214_11665,BWO93_RS08835,aminoacyl-histidine dipeptidase
174,NZ_MTGI01000009.1_56353_55178,BWO93_RS05945,acetyl-CoA C-acetyltransferase
175,NZ_MTGI01000009.1_177466_176987,BWO93_RS06600,type 3 dihydrofolate reductase
176,NZ_MTGI01000005.1_244997_246289,BWO93_RS04360,bifunctional tetrahydrofolate synthase/dihydrofolate synthase
177,NZ_MTGI01000007.1_32141_31308,BWO93_RS04895,formyltetrahydrofolate deformylase
178,NZ_MTGI01000009.1_164433_165695,BWO93_RS06550,serine hydroxymethyltransferase
179,NZ_MTGI01000012.1_85196_83913,BWO93_RS07525,glucose-1-phosphate adenylyltransferase
180,NZ_MTGI01000009.1_22994_24391,BWO93_RS05780,phospho-sugar mutase
181,NZ_MTGI01000005.1_200900_201589,BWO93_RS04190,orotidine-5'-phosphate decarboxylase
182,NZ_MTGI01000005.1_204685_204062,BWO93_RS04210,uracil phosphoribosyltransferase
183,NZ_MTGI01000012.1_44068_42590,BWO93_RS07385,anthranilate synthase component I
184,NZ_MTGI01000012.1_42550_41972,BWO93_RS07380,aminodeoxychorismate/anthranilate synthase component II
185,NZ_MTGI01000022.1_13214_13951,BWO93_RS08850,triose-phosphate isomerase
186,NZ_MTGI01000019.1_24432_23620,BWO93_RS08755,phosphorylcholine kinase LicA
187,NZ_MTGI01000022.1_25891_26934,BWO93_RS08905,glycerophosphodiester phosphodiesterase
188,NZ_MTGI01000007.1_13501_12557,BWO93_RS04805,ribose-phosphate pyrophosphokinase
189,NZ_MTGI01000003.1_99493_98588,BWO93_RS01590,ribokinase
190,NZ_MTGI01000003.1_134919_134272,BWO93_RS01800,ribose-5-phosphate isomerase RpiA
191,NZ_MTGI01000008.1_8019_9014,BWO93_RS05135,type I glyceraldehyde-3-phosphate dehydrogenase
192,NZ_MTGI01000005.1_87682_88272,BWO93_RS03635,deoxyribose-phosphate aldolase
193,NZ_MTGI01000005.1_6985_5009,BWO93_RS03230,transketolase
194,NZ_MTGI01000003.1_75670_76740,BWO93_RS01500,class II fructose-bisphosphate aldolase
195,NZ_MTGI01000003.1_130791_129886,BWO93_RS01780,ATP phosphoribosyltransferase
196,NZ_MTGI01000005.1_180358_181869,BWO93_RS04100,amidophosphoribosyltransferase
197,NZ_MTGI01000012.1_42550_41984,BWO93_RS07380,aminodeoxychorismate/anthranilate synthase component II
198,NZ_MTGI01000012.1_41481_40483,BWO93_RS07370,anthranilate phosphoribosyltransferase
199,NZ_MTGI01000024.1_1254_349,BWO93_RS09070,bifunctional biotin--[acetyl-CoA-carboxylase] ligase/biotin operon repressor BirA
200,NZ_MTGI01000003.1_239008_240597,BWO93_RS02360,Fe-S protein assembly chaperone HscA
201,NZ_MTGI01000005.1_216116_217885,BWO93_RS04250,molecular chaperone DnaK
202,NZ_MTGI01000004.1_14567_15934,BWO93_RS03075,adenylosuccinate lyase
203,NZ_MTGI01000005.1_166608_165583,BWO93_RS04030,branched-chain-amino-acid transaminase
204,NZ_MTGI01000009.1_93159_92020,BWO93_RS06190,galactokinase
205,NZ_MTGI01000005.1_264366_265028,BWO93_RS04445,N-acylneuraminate cytidylyltransferase
206,NZ_MTGI01000009.1_161245_162831,BWO93_RS06540,bifunctional phosphoribosylaminoimidazolecarboxamide formyltransferase/IMP cyclohydrolase
207,NZ_MTGI01000024.1_1390_2835,BWO93_RS09075,IMP dehydrogenase
208,NZ_MTGI01000017.1_114191_112899,BWO93_RS08415,adenylosuccinate synthase
209,NZ_MTGI01000005.1_114216_115130,BWO93_RS03750,D-alanine--D-alanine ligase
210,NZ_MTGI01000002.1_88644_89924,BWO93_RS00975,diaminobutyrate--2-oxoglutarate transaminase
211,NZ_MTGI01000003.1_129787_128507,BWO93_RS01775,histidinol dehydrogenase
212,NZ_MTGI01000003.1_225699_224014,BWO93_RS02265,long-chain-fatty-acid--CoA ligase FadD
213,NZ_MTGI01000009.1_59046_58396,BWO93_RS05960,acetate CoA-transferase subunit alpha
214,NZ_MTGI01000009.1_58382_57723,BWO93_RS05955,3-oxoacid CoA-transferase subunit B
215,NZ_MTGI01000002.1_101872_102666,BWO93_RS01040,inositol-1-monophosphatase
216,NZ_MTGI01000009.1_15630_17465,BWO93_RS05765,dihydroxy-acid dehydratase
217,NZ_MTGI01000002.1_55509_53986,BWO93_RS00785,2-isopropylmalate synthase
218,NZ_MTGI01000015.1_11707_10871,BWO93_RS07845,bifunctional methylenetetrahydrofolate dehydrogenase/methenyltetrahydrofolate cyclohydrolase FolD
219,NZ_MTGI01000006.1_12035_11166,BWO93_RS04615,methylenetetrahydrofolate reductase
220,NZ_MTGI01000022.1_30047_29583,BWO93_RS08920,xanthine phosphoribosyltransferase
221,NZ_MTGI01000022.1_10103_9639,BWO93_RS08830,xanthine phosphoribosyltransferase
222,NZ_MTGI01000024.1_2963_4525,BWO93_RS09080,glutamine-hydrolyzing GMP synthase
223,NZ_MTGI01000003.1_294323_293511,BWO93_RS02655,pyrroline-5-carboxylate reductase
224,NZ_MTGI01000003.1_111970_111470,BWO93_RS01665,S-ribosylhomocysteine lyase
225,NZ_MTGI01000003.1_37655_38326,BWO93_RS01290,phosphoglycolate phosphatase
226,NZ_MTGI01000019.1_5344_6273,BWO93_RS08660,2-hydroxyacid dehydrogenase
227,NZ_MTGI01000003.1_4217_5218,BWO93_RS01130,ornithine carbamoyltransferase
228,NZ_MTGI01000001.1_56313_55594,BWO93_RS00325,peptidoglycan editing factor PgeF
229,NZ_MTGI01000005.1_6973_4973,BWO93_RS03230,transketolase
230,NZ_MTGI01000008.1_94859_93588,BWO93_RS05550,threonine synthase
231,NZ_MTGI01000003.1_74393_75544,BWO93_RS01495,phosphoglycerate kinase
232,NZ_MTGI01000003.1_134230_133001,BWO93_RS01795,phosphoglycerate dehydrogenase
233,NZ_MTGI01000008.1_100519_99386,BWO93_RS05570,glycerate kinase
234,NZ_MTGI01000009.1_43135_43818,BWO93_RS05865,"2,3-diphosphoglycerate-dependent phosphoglycerate mutase"
235,NZ_MTGI01000003.1_47285_48685,BWO93_RS01345,decarboxylating NADP(+)-dependent phosphogluconate dehydrogenase
236,NZ_MTGI01000003.1_36935_37600,BWO93_RS01285,ribulose-phosphate 3-epimerase
237,NZ_MTGI01000017.1_62913_62008,BWO93_RS08190,KpsF/GutQ family sugar isomerase
238,NZ_MTGI01000009.1_145548_146945,BWO93_RS06465,undecaprenyl-phosphate galactose phosphotransferase WbaP
239,NZ_MTGI01000003.1_71173_71736,BWO93_RS01475,thymidine kinase
240,NZ_MTGI01000015.1_17889_16153,BWO93_RS07880,L-fucose isomerase
241,NZ_MTGI01000009.1_91995_90976,BWO93_RS06185,galactose-1-epimerase
242,NZ_MTGI01000005.1_84563_86017,BWO93_RS03620,xylulokinase
243,NZ_MTGI01000006.1_17674_16883,BWO93_RS04650,"(2E,6E)-farnesyl diphosphate synthase"
244,NZ_MTGI01000002.1_86633_85590,BWO93_RS00955,bifunctional phosphopantothenoylcysteine decarboxylase/phosphopantothenate--cysteine ligase CoaBC
245,NZ_MTGI01000001.1_79450_80520,BWO93_RS00435,chorismate synthase
246,NZ_MTGI01000005.1_281101_282210,BWO93_RS04520,bifunctional chorismate mutase/prephenate dehydrogenase
247,NZ_MTGI01000005.1_145631_144681,BWO93_RS03905,aminodeoxychorismate synthase component I
248,NZ_MTGI01000005.1_145676_146245,BWO93_RS03910,anthranilate synthase component II
249,NZ_MTGI01000003.1_315593_316867,BWO93_RS02775,isochorismate synthase MenF
250,NZ_MTGI01000005.1_258520_259206,BWO93_RS04420,hydroxyacylglutathione hydrolase
251,NZ_MTGI01000008.1_95837_94914,BWO93_RS05555,homoserine kinase
252,NZ_MTGI01000005.1_248008_249072,BWO93_RS04375,homoserine O-acetyltransferase
253,NZ_MTGI01000001.1_26156_25317,BWO93_RS00160,N-acetylneuraminate lyase
254,NZ_MTGI01000009.1_22868_24394,BWO93_RS05780,phospho-sugar mutase
255,NZ_MTGI01000019.1_14271_15308,BWO93_RS08705,3-deoxy-7-phosphoheptulonate synthase AroG
256,NZ_MTGI01000005.1_97501_98451,BWO93_RS03680,transaldolase
257,NZ_MTGI01000022.1_6432_5443,BWO93_RS08795,class II fructose-bisphosphatase
258,NZ_MTGI01000003.1_328848_329486,BWO93_RS02855,orotate phosphoribosyltransferase
259,NZ_MTGI01000003.1_321751_320996,BWO93_RS02795,uridine phosphorylase
260,NZ_MTGI01000012.1_99417_98572,BWO93_RS07570,cytidine deaminase
261,NZ_MTGI01000001.1_39589_38876,BWO93_RS00225,3-oxoacyl-ACP reductase FabG
262,NZ_MTGI01000002.1_110103_111269,BWO93_RS01080,glutathionylspermidine synthase family protein
263,NZ_MTGI01000022.1_14398_14084,BWO93_RS08855,thiosulfate sulfurtransferase GlpE
264,NZ_MTGI01000017.1_12542_11211,BWO93_RS07960,argininosuccinate synthase
265,NZ_MTGI01000006.1_17761_16886,BWO93_RS04650,"(2E,6E)-farnesyl diphosphate synthase"
266,NZ_MTGI01000003.1_45554_46249,BWO93_RS01330,6-phosphogluconolactonase
267,NZ_MTGI01000001.1_24043_22901,BWO93_RS00150,N-acetylglucosamine-6-phosphate deacetylase
268,NZ_MTGI01000011.1_981_2297,BWO93_RS06985,phosphoglucosamine mutase
269,NZ_MTGI01000003.1_150545_151468,BWO93_RS01880,1-phosphofructokinase
270,NZ_MTGI01000009.1_56356_55181,BWO93_RS05945,acetyl-CoA C-acetyltransferase
271,NZ_MTGI01000011.1_972_2303,BWO93_RS06985,phosphoglucosamine mutase
272,NZ_MTGI01000001.1_28659_27979,BWO93_RS00175,N-acetylmannosamine-6-phosphate 2-epimerase
273,NZ_MTGI01000003.1_143442_144059,BWO93_RS01840,dTMP kinase
274,NZ_MTGI01000009.1_180963_181811,BWO93_RS06625,thymidylate synthase
275,NZ_MTGI01000002.1_22714_22085,BWO93_RS00665,aldolase
276,NZ_MTGI01000015.1_18898_18152,BWO93_RS07885,DeoR/GlpR family DNA-binding transcription regulator
277,NZ_MTGI01000015.1_14195_13569,BWO93_RS07865,L-fuculose-phosphate aldolase
278,NZ_MTGI01000002.1_88635_89918,BWO93_RS00975,diaminobutyrate--2-oxoglutarate transaminase
279,NZ_MTGI01000004.1_21653_20541,BWO93_RS03120,aspartate-semialdehyde dehydrogenase
280,NZ_MTGI01000003.1_349057_348182,BWO93_RS02945,4-hydroxy-tetrahydrodipicolinate synthase
281,NZ_MTGI01000009.1_128367_128927,BWO93_RS06390,5-formyltetrahydrofolate cyclo-ligase
282,NZ_MTGI01000006.1_24982_23810,BWO93_RS04700,tryptophan synthase subunit beta
283,NZ_MTGI01000004.1_28366_29097,BWO93_RS03160,glycosyltransferase family 2 protein
284,NZ_MTGI01000001.1_89632_90144,BWO93_RS00490,shikimate kinase AroK
285,NZ_MTGI01000004.1_30701_29898,BWO93_RS03170,shikimate dehydrogenase
286,NZ_MTGI01000002.1_94414_93401,BWO93_RS01000,outer membrane-stress sensor serine endopeptidase DegS
287,NZ_MTGI01000005.1_243875_242514,BWO93_RS04350,DegQ family serine endoprotease
288,NZ_MTGI01000022.1_16839_18314,BWO93_RS08870,ketol-acid reductoisomerase
289,NZ_MTGI01000008.1_9241_11025,BWO93_RS05140,long-chain fatty acid--CoA ligase
290,NZ_MTGI01000008.1_92732_91629,BWO93_RS05525,methionine biosynthesis PLP-dependent protein
291,NZ_MTGI01000003.1_283991_283587,BWO93_RS02595,lactoylglutathione lyase
292,NZ_MTGI01000001.1_27925_27059,BWO93_RS00170,N-acetylmannosamine kinase
293,NZ_MTGI01000008.1_110819_109692,BWO93_RS05625,succinyl-diaminopimelate desuccinylase
294,NZ_MTGI01000009.1_33455_34276,BWO93_RS05825,diaminopimelate epimerase
295,NZ_MTGI01000004.1_20483_19554,BWO93_RS03115,alpha/beta hydrolase
296,NZ_MTGI01000009.1_147026_148021,BWO93_RS06470,"dTDP-glucose 4,6-dehydratase"
297,NZ_MTGI01000005.1_108994_110295,BWO93_RS03730,UDP-N-acetylmuramoyl-L-alanine--D-glutamate ligase
298,NZ_MTGI01000005.1_104952_106412,BWO93_RS03715,"UDP-N-acetylmuramoyl-L-alanyl-D-glutamate--2,6-diaminopimelate ligase"
299,NZ_MTGI01000002.1_3661_5082,BWO93_RS00595,bifunctional ribulose 5-phosphate reductase/CDP-ribitol pyrophosphorylase Bcs1
300,NZ_MTGI01000004.1_8615_7701,BWO93_RS03015,type I pantothenate kinase
301,NZ_MTGI01000003.1_127217_126135,BWO93_RS01765,bifunctional histidinol-phosphatase/imidazoleglycerol-phosphate dehydratase HisB
302,NZ_MTGI01000004.1_27014_26547,BWO93_RS03145,YceK/YidQ family lipoprotein
303,NZ_MTGI01000011.1_107_931,BWO93_RS06980,dihydropteroate synthase
304,NZ_MTGI01000001.1_90203_91264,BWO93_RS00495,3-dehydroquinate synthase
305,NZ_MTGI01000002.1_71369_70923,BWO93_RS09385,type II 3-dehydroquinate dehydratase
306,NZ_MTGI01000019.1_11364_11978,BWO93_RS08690,dethiobiotin synthase
307,NZ_MTGI01000003.1_332708_331710,BWO93_RS02875,UDP-N-acetylmuramate dehydrogenase
308,NZ_MTGI01000005.1_112735_114129,BWO93_RS03745,UDP-N-acetylmuramate--L-alanine ligase
309,NZ_MTGI01000019.1_8794_9924,BWO93_RS08675,8-amino-7-oxononanoate synthase
310,NZ_MTGI01000003.1_196718_196041,BWO93_RS02125,MFS transporter
311,NZ_MTGI01000019.1_7505_8764,BWO93_RS08670,adenosylmethionine--8-amino-7-oxononanoate transaminase
312,NZ_MTGI01000015.1_16101_14680,BWO93_RS07875,L-fuculokinase
313,NZ_MTGI01000003.1_128384_127347,BWO93_RS01770,histidinol-phosphate transaminase
314,NZ_MTGI01000005.1_142313_141258,BWO93_RS03885,histidinol-phosphate transaminase
315,NZ_MTGI01000019.1_4430_5278,BWO93_RS08655,3-deoxy-8-phosphooctulonate synthase
316,NZ_MTGI01000002.1_86762_85593,BWO93_RS00955,bifunctional phosphopantothenoylcysteine decarboxylase/phosphopantothenate--cysteine ligase CoaBC
317,NZ_MTGI01000005.1_220568_219330,BWO93_RS04260,glutamate-5-semialdehyde dehydrogenase
318,NZ_MTGI01000017.1_61989_61450,BWO93_RS08185,HAD family hydrolase
319,NZ_MTGI01000008.1_63107_62352,BWO93_RS05395,3-deoxy-manno-octulosonate cytidylyltransferase
320,NZ_MTGI01000009.1_121766_123352,BWO93_RS06360,ABC transporter substrate-binding protein
321,NZ_MTGI01000017.1_106202_104637,BWO93_RS08390,ABC transporter substrate-binding protein
322,NZ_MTGI01000019.1_19602_20996,BWO93_RS08735,signal peptide peptidase SppA
323,NZ_MTGI01000002.1_95533_94433,BWO93_RS01005,bifunctional diaminohydroxyphosphoribosylaminopyrimidine deaminase/5-amino-6-(5-phosphoribosylamino)uracil reductase RibD
324,NZ_MTGI01000003.1_197463_196735,BWO93_RS02135,bifunctional hydroxymethylpyrimidine kinase/phosphomethylpyrimidine kinase
325,NZ_MTGI01000008.1_70730_71209,BWO93_RS05425,2-amino-4-hydroxy-6-hydroxymethyldihydropteridine diphosphokinase
326,NZ_MTGI01000003.1_335151_335504,BWO93_RS02890,dihydroneopterin aldolase
327,NZ_MTGI01000012.1_40401_39016,BWO93_RS07365,bifunctional indole-3-glycerol-phosphate synthase TrpC/phosphoribosylanthranilate isomerase TrpF
328,NZ_MTGI01000009.1_77121_76063,BWO93_RS06120,anaerobic sulfatase maturase
329,NZ_MTGI01000001.1_83317_84348,BWO93_RS00455,"selenide, water dikinase SelD"
330,NZ_MTGI01000002.1_52628_51228,BWO93_RS00775,3-isopropylmalate dehydratase large subunit
331,NZ_MTGI01000002.1_51205_50609,BWO93_RS00770,3-isopropylmalate dehydratase small subunit
332,NZ_MTGI01000002.1_52619_51225,BWO93_RS00775,3-isopropylmalate dehydratase large subunit
333,NZ_MTGI01000001.1_74723_76063,BWO93_RS00425,o-succinylbenzoate--CoA ligase
334,NZ_MTGI01000002.1_72407_71466,BWO93_RS09390,o-succinylbenzoate synthase
335,NZ_MTGI01000003.1_123912_123295,BWO93_RS01745,bifunctional phosphoribosyl-AMP cyclohydrolase/phosphoribosyl-ATP diphosphatase HisIE
336,NZ_MTGI01000003.1_300727_300212,BWO93_RS02690,"1,6-anhydro-N-acetylmuramyl-L-alanine amidase AmpD"
337,NZ_MTGI01000009.1_163020_164306,BWO93_RS06545,phosphoribosylamine--glycine ligase
338,NZ_MTGI01000002.1_73342_72488,BWO93_RS00875,"1,4-dihydroxy-2-naphthoyl-CoA synthase"
339,NZ_MTGI01000005.1_143522_142446,BWO93_RS03890,3-phosphoserine/phosphohydroxythreonine transaminase
340,NZ_MTGI01000010.1_34449_33640,BWO93_RS06935,class I ribonucleotide reductase maintenance protein YfaE
341,NZ_MTGI01000006.1_25534_26562,BWO93_RS04710,phosphoribosylformylglycinamidine cyclo-ligase
342,NZ_MTGI01000006.1_26626_27249,BWO93_RS04715,phosphoribosylglycinamide formyltransferase
343,NZ_MTGI01000017.1_112008_112823,BWO93_RS08410,"2,3,4,5-tetrahydropyridine-2,6-dicarboxylate N-succinyltransferase"
344,NZ_MTGI01000017.1_36205_38463,BWO93_RS08070,5-methyltetrahydropteroyltriglutamate--homocysteine S-methyltransferase
345,NZ_MTGI01000003.1_198322_197540,BWO93_RS02140,hydroxyethylthiazole kinase
346,NZ_MTGI01000010.1_37548_37087,BWO93_RS06965,"6,7-dimethyl-8-ribityllumazine synthase"
347,NZ_MTGI01000009.1_35631_39521,BWO93_RS05840,phosphoribosylformylglycinamidine synthase
348,NZ_MTGI01000009.1_12205_12915,BWO93_RS05745,"UDP-2,3-diacylglucosamine diphosphatase"
349,NZ_MTGI01000003.1_124700_123933,BWO93_RS01750,imidazole glycerol phosphate synthase subunit HisF
350,NZ_MTGI01000005.1_106432_107784,BWO93_RS03720,UDP-N-acetylmuramoyl-tripeptide--D-alanyl-D-alanine ligase
351,NZ_MTGI01000005.1_118587_119501,BWO93_RS03770,UDP-3-O-acyl-N-acetylglucosamine deacetylase
352,NZ_MTGI01000017.1_13570_12701,BWO93_RS07965,phosphoribosylaminoimidazolesuccinocarboxamide synthase
353,NZ_MTGI01000005.1_31851_30745,BWO93_RS03360,lipid-A-disaccharide synthase
354,NZ_MTGI01000003.1_125419_124685,BWO93_RS01750,imidazole glycerol phosphate synthase subunit HisF
355,NZ_MTGI01000008.1_64176_63181,BWO93_RS05400,tetraacyldisaccharide 4'-kinase
356,NZ_MTGI01000004.1_28294_27014,BWO93_RS03150,pantetheine-phosphate adenylyltransferase
357,NZ_MTGI01000005.1_111540_112577,BWO93_RS03740,undecaprenyldiphospho-muramoylpentapeptide beta-N-acetylglucosaminyltransferase
358,NZ_MTGI01000003.1_255948_256559,BWO93_RS02450,"alpha-2,3-sialyltransferase"
359,NZ_MTGI01000005.1_87015_86095,BWO93_RS03625,ADP-glyceromanno-heptose 6-epimerase
360,NZ_MTGI01000008.1_120806_121432,BWO93_RS05675,glutathione S-transferase family protein
361,NZ_MTGI01000003.1_142499_143413,BWO93_RS01835,endolytic transglycosylase MltG
362,NZ_MTGI01000001.1_93960_93238,BWO93_RS00505,phosphatase PAP2 family protein
363,NZ_MTGI01000005.1_107799_108836,BWO93_RS03725,phospho-N-acetylmuramoyl-pentapeptide-transferase
364,NZ_MTGI01000022.1_9224_8571,BWO93_RS08820,2-C-methyl-D-erythritol 4-phosphate cytidylyltransferase
365,NZ_MTGI01000007.1_14375_13542,BWO93_RS04810,4-(cytidine 5'-diphospho)-2-C-methyl-D-erythritol kinase
366,NZ_MTGI01000006.1_16838_14985,BWO93_RS04645,1-deoxy-D-xylulose-5-phosphate synthase
367,NZ_MTGI01000022.1_8562_8089,BWO93_RS08815,"2-C-methyl-D-erythritol 2,4-cyclodiphosphate synthase"
368,NZ_MTGI01000011.1_15078_13651,BWO93_RS07050,bifunctional D-glycero-beta-D-manno-heptose-7-phosphate kinase/D-glycero-beta-D-manno-heptose 1-phosphate adenylyltransferase HldE
369,NZ_MTGI01000005.1_153024_152449,BWO93_RS03955,D-sedoheptulose 7-phosphate isomerase
370,NZ_MTGI01000015.1_26980_27531,BWO93_RS07925,"D-glycero-beta-D-manno-heptose 1,7-bisphosphate 7-phosphatase"
371,NZ_MTGI01000009.1_79283_78117,BWO93_RS06130,1-deoxy-D-xylulose-5-phosphate reductoisomerase
372,NZ_MTGI01000005.1_39651_38287,BWO93_RS03400,ammonia-forming nitrite reductase cytochrome c552 subunit
373,NZ_MTGI01000002.1_27296_26361,BWO93_RS00690,4-hydroxy-3-methylbut-2-enyl diphosphate reductase
374,NZ_MTGI01000009.1_198356_197640,BWO93_RS06700,polyprenyl diphosphate synthase
375,NZ_MTGI01000009.1_154302_155267,BWO93_RS06510,octaprenyl diphosphate synthase
376,NZ_MTGI01000009.1_49531_50163,BWO93_RS05910,"3,4-dihydroxy-2-butanone-4-phosphate synthase"
377,NZ_MTGI01000017.1_124965_124009,BWO93_RS08510,5-(carboxyamino)imidazole ribonucleotide synthase
378,NZ_MTGI01000017.1_125557_125066,BWO93_RS08515,5-(carboxyamino)imidazole ribonucleotide mutase
379,NZ_MTGI01000008.1_8022_9038,BWO93_RS05135,type I glyceraldehyde-3-phosphate dehydrogenase
380,NZ_MTGI01000003.1_102963_101485,BWO93_RS01605,ribose ABC transporter ATP-binding protein RbsA
381,NZ_MTGI01000005.1_81892_80393,BWO93_RS03605,D-xylose ABC transporter ATP-binding protein
382,NZ_MTGI01000009.1_96697_98214,BWO93_RS06210,galactose/methyl galactoside ABC transporter ATP-binding protein MglA
383,NZ_MTGI01000003.1_340098_338404,BWO93_RS02900,heme/hemopexin-binding protein HxuB
384,NZ_MTGI01000005.1_130918_129275,BWO93_RS03840,cysteine/glutathione ABC transporter ATP-binding protein/permease CydC
385,NZ_MTGI01000003.1_248827_249606,BWO93_RS02410,metal ABC transporter substrate-binding protein
386,NZ_MTGI01000003.1_307740_309881,BWO93_RS02745,heavy metal translocating P-type ATPase
387,NZ_MTGI01000003.1_248785_249600,BWO93_RS02410,metal ABC transporter substrate-binding protein
388,NZ_MTGI01000003.1_206411_207085,BWO93_RS02175,zinc ABC transporter ATP-binding protein ZnuC
389,NZ_MTGI01000005.1_152313_151585,BWO93_RS03950,arginine ABC transporter ATP-binding protein ArtP
390,NZ_MTGI01000005.1_81895_80393,BWO93_RS03605,D-xylose ABC transporter ATP-binding protein
391,NZ_MTGI01000003.1_106681_107670,BWO93_RS01625,extracellular solute-binding protein
392,NZ_MTGI01000003.1_307737_309878,BWO93_RS02745,heavy metal translocating P-type ATPase
393,NZ_MTGI01000005.1_82872_81955,BWO93_RS03610,D-xylose ABC transporter substrate-binding protein
394,NZ_MTGI01000017.1_47868_48545,BWO93_RS08125,molybdenum ABC transporter ATP-binding protein ModC
395,NZ_MTGI01000005.1_156869_155268,BWO93_RS03970,dipeptide ABC transporter ATP-binding protein
396,NZ_MTGI01000017.1_119363_120043,BWO93_RS08480,DUF4198 domain-containing protein
397,NZ_MTGI01000003.1_253890_252949,BWO93_RS02435,ABC transporter substrate-binding protein
398,NZ_MTGI01000005.1_1613_3010,BWO93_RS03215,thiamine/thiamine pyrophosphate ABC transporter permease
399,NZ_MTGI01000003.1_102975_101500,BWO93_RS01605,ribose ABC transporter ATP-binding protein RbsA
400,NZ_MTGI01000005.1_152280_151567,BWO93_RS03950,arginine ABC transporter ATP-binding protein ArtP
401,NZ_MTGI01000008.1_65787_64210,BWO93_RS05405,lipid A ABC transporter ATP-binding protein/permease MsbA
402,NZ_MTGI01000008.1_106392_107909,BWO93_RS05610,iron ABC transporter permease
403,NZ_MTGI01000009.1_107687_106038,BWO93_RS06270,fumarate reductase (quinol) flavoprotein subunit
404,NZ_MTGI01000011.1_10366_9377,BWO93_RS07020,molybdate ABC transporter permease MolB
405,NZ_MTGI01000017.1_55670_54303,BWO93_RS08155,electron transport complex subunit RsxC
406,NZ_MTGI01000005.1_203887_202718,BWO93_RS04205,NCS2 family protein
407,NZ_MTGI01000001.1_12641_13966,BWO93_RS00095,NCS2 family permease
408,NZ_MTGI01000001.1_38072_36879,BWO93_RS00215,anaerobic C4-dicarboxylate transporter
409,NZ_MTGI01000001.1_30061_31908,BWO93_RS00185,sialic acid TRAP transporter substrate-binding protein SiaT
410,NZ_MTGI01000005.1_77842_76448,BWO93_RS03590,Na+/H+ antiporter NhaC
411,NZ_MTGI01000008.1_117333_118094,BWO93_RS05655,threonine/serine exporter family protein
412,NZ_MTGI01000019.1_16121_17353,BWO93_RS08715,serine/threonine transporter SstT
413,NZ_MTGI01000002.1_74656_76215,BWO93_RS00900,murein biosynthesis integral membrane protein MurJ
414,NZ_MTGI01000009.1_27289_28320,BWO93_RS05805,anaerobic C4-dicarboxylate transporter
415,NZ_MTGI01000022.1_22991_24337,BWO93_RS08890,glycerol-3-phosphate transporter
416,NZ_MTGI01000003.1_196093_194753,BWO93_RS02125,MFS transporter
417,NZ_MTGI01000007.1_9000_10370,BWO93_RS04790,sodium-coupled multidrug efflux MATE transporter HmrM
418,NZ_MTGI01000008.1_30705_29299,BWO93_RS05235,anion permease
419,NZ_MTGI01000001.1_64530_65876,BWO93_RS00365,sodium:alanine symporter family protein
420,NZ_MTGI01000009.1_14668_13181,BWO93_RS05755,sodium-dependent transporter
421,NZ_MTGI01000009.1_157490_156147,BWO93_RS06520,sodium:alanine symporter family protein
422,NZ_MTGI01000001.1_38075_36867,BWO93_RS00215,anaerobic C4-dicarboxylate transporter
423,NZ_MTGI01000012.1_96035_97531,BWO93_RS07560,sodium/proline symporter PutP
424,NZ_MTGI01000017.1_30231_32204,BWO93_RS08050,BCCT family transporter
425,NZ_MTGI01000017.1_25856_26302,BWO93_RS08025,PTS glucose transporter subunit IIA
426,NZ_MTGI01000017.1_85384_83165,BWO93_RS08280,class 1a ribonucleoside-diphosphate reductase subunit alpha
427,NZ_MTGI01000017.1_82980_81853,BWO93_RS08275,class Ia ribonucleoside-diphosphate reductase subunit beta
428,NZ_MTGI01000024.1_7503_8789,BWO93_RS09100,branched-chain amino acid transport system II carrier protein
429,NZ_MTGI01000005.1_133781_132837,BWO93_RS03850,thioredoxin-disulfide reductase
430,NZ_MTGI01000003.1_244455_243355,BWO93_RS02385,flavodoxin-dependent (E)-4-hydroxy-3-methylbut-2-enyl-diphosphate synthase
431,NZ_MTGI01000011.1_20493_21617,BWO93_RS07070,sodium/glutamate symporter
432,NZ_MTGI01000015.1_9363_10712,BWO93_RS07840,DASS family sodium-coupled anion symporter
433,NZ_MTGI01000003.1_282378_281158,BWO93_RS02585,Na+/H+ antiporter family protein
434,NZ_MTGI01000009.1_175617_174115,BWO93_RS06590,DHA2 family efflux MFS transporter permease subunit
435,NZ_MTGI01000003.1_310095_311339,BWO93_RS02750,HAAAP family serine/threonine permease
436,NZ_MTGI01000003.1_314111_312918,BWO93_RS02760,tryptophan permease
437,NZ_MTGI01000003.1_122992_121802,BWO93_RS01735,aromatic amino acid transporter
438,NZ_MTGI01000003.1_11496_12803,BWO93_RS01165,putrescine-ornithine antiporter
439,NZ_MTGI01000003.1_6275_7723,BWO93_RS01140,YfcC family protein
440,NZ_MTGI01000007.1_33057_34550,BWO93_RS04905,Na+/H+ antiporter NhaC family protein
441,NZ_MTGI01000002.1_65856_64420,BWO93_RS00840,sodium/pantothenate symporter
442,NZ_MTGI01000029.1_3068_2283,BWO93_RS09200,SDR family oxidoreductase
443,NZ_MTGI01000010.1_6583_6053,BWO93_RS06805,bifunctional 3-hydroxydecanoyl-ACP dehydratase/trans-2-decenoyl-ACP isomerase
444,NZ_MTGI01000001.1_39598_38873,BWO93_RS00225,3-oxoacyl-ACP reductase FabG
445,NZ_MTGI01000001.1_42124_41177,BWO93_RS00245,beta-ketoacyl-ACP synthase III
446,NZ_MTGI01000011.1_24261_23050,BWO93_RS07085,beta-ketoacyl-ACP synthase I
447,NZ_MTGI01000001.1_40549_39620,BWO93_RS00230,ACP S-malonyltransferase
448,NZ_MTGI01000009.1_170011_173034,BWO93_RS06580,efflux RND transporter permease subunit
449,NZ_MTGI01000008.1_30681_29293,BWO93_RS05235,anion permease
450,NZ_MTGI01000001.1_16624_17739,BWO93_RS00115,sugar transporter
451,NZ_MTGI01000009.1_120174_121481,BWO93_RS06355,MDR family MFS transporter
452,NZ_MTGI01000007.1_56572_57519,BWO93_RS05055,ACR3 family arsenite efflux transporter
453,NZ_MTGI01000005.1_92630_91668,BWO93_RS03655,murein tripeptide/oligopeptide ABC transporter ATP binding protein OppF
454,NZ_MTGI01000008.1_107923_108762,BWO93_RS05615,heme ABC transporter ATP-binding protein FbpC
455,NZ_MTGI01000001.1_62823_62074,BWO93_RS00355,formate transporter FocA
456,NZ_MTGI01000003.1_151479_153128,BWO93_RS01885,fructose-specific PTS transporter subunit EIIC
457,NZ_MTGI01000017.1_24141_25700,BWO93_RS08020,phosphoenolpyruvate-protein phosphotransferase PtsI
458,NZ_MTGI01000009.1_107597_106035,BWO93_RS06270,fumarate reductase (quinol) flavoprotein subunit
459,NZ_MTGI01000022.1_22991_24334,BWO93_RS08890,glycerol-3-phosphate transporter
460,NZ_MTGI01000022.1_27176_27958,BWO93_RS08910,MIP/aquaporin family protein
461,NZ_MTGI01000001.1_81471_82193,BWO93_RS00445,TSUP family transporter
462,NZ_MTGI01000003.1_187574_186036,BWO93_RS02090,Na(+)/H(+) antiporter NhaB
463,NZ_MTGI01000004.1_3106_4479,BWO93_RS02985,Trk system potassium transporter TrkA
464,NZ_MTGI01000009.1_186554_188173,BWO93_RS06655,monovalent cation:proton antiporter-2 (CPA2) family protein
465,NZ_MTGI01000024.1_7261_6122,BWO93_RS09095,Na+/H+ antiporter NhaA
466,NZ_MTGI01000027.1_1593_232,BWO93_RS09125,TrkH family potassium uptake protein
467,NZ_MTGI01000001.1_16627_17793,BWO93_RS00115,sugar transporter
468,NZ_MTGI01000001.1_51612_52826,BWO93_RS00305,NADH:ubiquinone reductase (Na(+)-transporting) subunit F
469,NZ_MTGI01000005.1_155022_154051,BWO93_RS03965,peptide ABC transporter ATP-binding protein
470,NZ_MTGI01000005.1_70652_71368,BWO93_RS03565,sulfate transporter CysZ
471,NZ_MTGI01000007.1_9000_10358,BWO93_RS04790,sodium-coupled multidrug efflux MATE transporter HmrM
472,NZ_MTGI01000009.1_170017_173094,BWO93_RS06580,efflux RND transporter permease subunit
473,NZ_MTGI01000008.1_46024_44426,BWO93_RS05310,putative transporter
474,NZ_MTGI01000003.1_314039_312894,BWO93_RS02760,tryptophan permease
475,NZ_MTGI01000009.1_14647_13151,BWO93_RS05755,sodium-dependent transporter
476,NZ_MTGI01000009.1_57714_56383,BWO93_RS05950,TIGR00366 family protein
477,NZ_MTGI01000022.1_22654_21068,BWO93_RS08885,anaerobic glycerol-3-phosphate dehydrogenase subunit A
478,NZ_MTGI01000022.1_21018_19732,BWO93_RS08880,glycerol-3-phosphate dehydrogenase subunit GlpB
479,NZ_MTGI01000022.1_19633_18437,BWO93_RS08875,anaerobic glycerol-3-phosphate dehydrogenase subunit GlpC
480,NZ_MTGI01000008.1_85708_86514,BWO93_RS05485,acyl-CoA thioesterase II
481,NZ_MTGI01000005.1_3844_4842,BWO93_RS03225,biotin synthase BioB
482,NZ_MTGI01000009.1_197619_196759,BWO93_RS06695,phosphatidate cytidylyltransferase
483,NZ_MTGI01000003.1_189847_188483,BWO93_RS02100,CDP-diacylglycerol--serine O-phosphatidyltransferase
484,NZ_MTGI01000001.1_10765_11319,BWO93_RS00070,CDP-diacylglycerol--glycerol-3-phosphate 3-phosphatidyltransferase
485,NZ_MTGI01000010.1_35586_35098,BWO93_RS06950,phosphatidylglycerophosphatase A
486,NZ_MTGI01000001.1_43199_44044,BWO93_RS00260,archaetidylserine decarboxylase
487,NZ_MTGI01000012.1_82094_79686,BWO93_RS07515,glycogen/starch/alpha-glucan phosphorylase
488,NZ_MTGI01000001.1_50355_50975,BWO93_RS00295,NADH:ubiquinone reductase (Na(+)-transporting) subunit D
489,NZ_MTGI01000005.1_19534_17132,BWO93_RS03305,DMSO/selenate family reductase complex A subunit
490,NZ_MTGI01000009.1_28587_29918,BWO93_RS05810,NAD(P)/FAD-dependent oxidoreductase
491,NZ_MTGI01000017.1_51760_51149,BWO93_RS08140,electron transport complex subunit E
492,NZ_MTGI01000003.1_272316_271963,BWO93_RS02535,diacylglycerol kinase
493,NZ_MTGI01000009.1_12119_11406,BWO93_RS05740,1-acylglycerol-3-phosphate O-acyltransferase
494,NZ_MTGI01000007.1_11303_12478,BWO93_RS04800,tyrosine--tRNA ligase
495,NZ_MTGI01000009.1_88236_85615,BWO93_RS06165,alanine--tRNA ligase
496,NZ_MTGI01000007.1_39076_37346,BWO93_RS04925,arginine--tRNA ligase
497,NZ_MTGI01000010.1_37774_39174,BWO93_RS06970,asparagine--tRNA ligase
498,NZ_MTGI01000008.1_88064_86688,BWO93_RS05490,cysteine--tRNA ligase
499,NZ_MTGI01000012.1_93836_92205,BWO93_RS07550,glutamine--tRNA ligase
500,NZ_MTGI01000002.1_113309_114214,BWO93_RS01090,glycine--tRNA ligase subunit alpha
501,NZ_MTGI01000009.1_207842_205779,BWO93_RS06755,glycine--tRNA ligase subunit beta
502,NZ_MTGI01000003.1_243339_242116,BWO93_RS02380,histidine--tRNA ligase
503,NZ_MTGI01000002.1_77241_80054,BWO93_RS00910,isoleucine--tRNA ligase
504,NZ_MTGI01000012.1_35778_38639,BWO93_RS07355,valine--tRNA ligase
505,NZ_MTGI01000009.1_198605_201184,BWO93_RS06705,leucine--tRNA ligase
506,NZ_MTGI01000005.1_262274_260229,BWO93_RS04430,methionine--tRNA ligase
507,NZ_MTGI01000010.1_32460_31474,BWO93_RS06925,phenylalanine--tRNA ligase subunit alpha
508,NZ_MTGI01000010.1_31437_29053,BWO93_RS06920,phenylalanine--tRNA ligase subunit beta
509,NZ_MTGI01000009.1_5712_7406,BWO93_RS05725,proline--tRNA ligase
510,NZ_MTGI01000008.1_119182_120465,BWO93_RS05670,serine--tRNA ligase
511,NZ_MTGI01000012.1_71806_69881,BWO93_RS07485,threonine--tRNA ligase
512,NZ_MTGI01000004.1_13797_12802,BWO93_RS03065,tryptophan--tRNA ligase
513,NZ_MTGI01000013.1_3134_4264,BWO93_RS07655,tRNA guanosine(34) transglycosylase Tgt
514,NZ_MTGI01000003.1_307710_309872,BWO93_RS02745,heavy metal translocating P-type ATPase
515,NZ_MTGI01000008.1_9232_11019,BWO93_RS05140,long-chain fatty acid--CoA ligase
516,NZ_MTGI01000003.1_219109_219684,BWO93_RS02245,aminoacyl-tRNA hydrolase
517,NZ_MTGI01000005.1_196523_197167,BWO93_RS04165,(d)CMP kinase
518,NZ_MTGI01000008.1_35982_35014,BWO93_RS05260,[citrate (pro-3S)-lyase] ligase
519,NZ_MTGI01000009.1_192285_191251,BWO93_RS06675,UDP-3-O-(3-hydroxymyristoyl)glucosamine N-acyltransferase
520,NZ_MTGI01000005.1_32703_31918,BWO93_RS03365,acyl-ACP--UDP-N-acetylglucosamine O-acyltransferase
521,NZ_MTGI01000003.1_285582_287345,BWO93_RS02610,aspartate--tRNA ligase
522,NZ_MTGI01000003.1_326365_327798,BWO93_RS02840,glutamate--tRNA ligase
523,NZ_MTGI01000003.1_335068_334487,BWO93_RS02885,glycerol-3-phosphate 1-O-acyltransferase PlsY
524,NZ_MTGI01000009.1_32360_30015,BWO93_RS05815,glycerol-3-phosphate 1-O-acyltransferase PlsB
525,NZ_MTGI01000008.1_37905_37297,BWO93_RS05270,lipoyl(octanoyl) transferase LipB
526,NZ_MTGI01000017.1_20548_21510,BWO93_RS07995,UDP-N-acetylglucosamine--undecaprenyl-phosphate N-acetylglucosaminephosphotransferase
527,NZ_MTGI01000005.1_93622_92681,BWO93_RS03660,ABC transporter ATP-binding protein
528,NZ_MTGI01000012.1_87189_85384,BWO93_RS07530,glycogen debranching protein GlgX
529,NZ_MTGI01000012.1_91376_89553,BWO93_RS07540,4-alpha-glucanotransferase
530,NZ_MTGI01000019.1_23614_22739,BWO93_RS08745,NTP transferase domain-containing protein
531,NZ_MTGI01000005.1_223386_222238,BWO93_RS04275,Bcr/CflA family multidrug efflux MFS transporter
532,NZ_MTGI01000008.1_45856_44426,BWO93_RS05310,putative transporter
533,NZ_MTGI01000005.1_47746_46229,BWO93_RS03425,cytochrome ubiquinol oxidase subunit I
534,NZ_MTGI01000003.1_95308_96195,BWO93_RS01570,"1,4-dihydroxy-2-naphthoate octaprenyltransferase"
535,NZ_MTGI01000012.1_30745_30140,BWO93_RS07320,chalcone isomerase family protein
536,NZ_MTGI01000012.1_28195_29211,BWO93_RS07310,quinone-dependent dihydroorotate dehydrogenase
537,NZ_MTGI01000009.1_107687_106035,BWO93_RS06270,fumarate reductase (quinol) flavoprotein subunit
538,NZ_MTGI01000012.1_89501_87321,BWO93_RS07535,"1,4-alpha-glucan branching protein GlgB"
539,NZ_MTGI01000012.1_83803_82376,BWO93_RS07520,glycogen synthase GlgA
540,NZ_MTGI01000005.1_186012_184513,BWO93_RS04120,lysine--tRNA ligase
541,NZ_MTGI01000003.1_176551_173960,BWO93_RS02025,penicillin-binding protein 1A
542,NZ_MTGI01000005.1_103236_104858,BWO93_RS03710,penicillin-binding transpeptidase domain-containing protein
543,NZ_MTGI01000008.1_43378_41534,BWO93_RS05295,penicillin-binding protein 2
544,NZ_MTGI01000017.1_15576_13939,BWO93_RS07970,penicillin-binding protein 1B
545,NZ_MTGI01000003.1_299561_298704,BWO93_RS02685,CNNM family magnesium/cobalt transport protein CorC
546,NZ_MTGI01000005.1_9102_10046,BWO93_RS03250,magnesium/cobalt transporter CorA
547,NZ_MTGI01000022.1_50011_51366,BWO93_RS09015,L-seryl-tRNA(Sec) selenium transferase
548,NZ_MTGI01000012.1_79401_77869,BWO93_RS07510,Re/Si-specific NAD(P)(+) transhydrogenase subunit alpha
549,NZ_MTGI01000008.1_32071_30710,BWO93_RS05240,triphosphoribosyl-dephospho-CoA synthase CitG
550,NZ_MTGI01000009.1_170014_173052,BWO93_RS06580,efflux RND transporter permease subunit
551,NZ_MTGI01000009.1_175617_174106,BWO93_RS06590,DHA2 family efflux MFS transporter permease subunit
552,NZ_MTGI01000005.1_209012_207627,BWO93_RS04225,dihydrolipoyl dehydrogenase
553,NZ_MTGI01000003.1_318653_319390,BWO93_RS02785,"2-succinyl-6-hydroxy-2,4-cyclohexadiene-1-carboxylate synthase"
554,NZ_MTGI01000003.1_103396_102980,BWO93_RS01610,D-ribose pyranase
555,NZ_MTGI01000001.1_21616_22698,BWO93_RS00145,porin
556,NZ_MTGI01000001.1_64623_65897,BWO93_RS00365,sodium:alanine symporter family protein
557,NZ_MTGI01000003.1_187574_186054,BWO93_RS02090,Na(+)/H(+) antiporter NhaB
558,NZ_MTGI01000007.1_33066_34565,BWO93_RS04905,Na+/H+ antiporter NhaC family protein
559,NZ_MTGI01000011.1_20445_21614,BWO93_RS07070,sodium/glutamate symporter
560,NZ_MTGI01000024.1_7503_8807,BWO93_RS09100,branched-chain amino acid transport system II carrier protein
561,NZ_MTGI01000007.1_56602_57597,BWO93_RS05055,ACR3 family arsenite efflux transporter
562,NZ_MTGI01000011.1_24422_26419,BWO93_RS07090,bifunctional tRNA (5-methylaminomethyl-2-thiouridine)(34)-methyltransferase MnmD/FAD-dependent 5-carboxymethylaminomethyl-2-thiouridine(34) oxidoreductase MnmC
563,NZ_MTGI01000005.1_17121_16504,BWO93_RS03300,DMSO/selenate family reductase complex B subunit
564,NZ_MTGI01000005.1_16499_15663,BWO93_RS03295,dimethyl sulfoxide reductase anchor subunit family protein
565,NZ_MTGI01000015.1_14210_13575,BWO93_RS07865,L-fuculose-phosphate aldolase
566,NZ_MTGI01000008.1_83424_85544,BWO93_RS05480,anaerobic ribonucleoside-triphosphate reductase
567,NZ_MTGI01000003.1_119758_121134,BWO93_RS01725,F0F1 ATP synthase subunit beta
